"Company Name#","Primary Contact","Parent Account",Email,"Main Phone","Other Phone",Fax,Website,"Address Type","Address1 Name","Address1 Street1","Address1 Street2","Address1 Street3","Address1 City","Address1 State","Address1 Zipcode","Address1 Country","Address Phone","Address1 Shipping Method","Address1 Freight Terms",Description,Industry,"Annual Revenue","No Of Employees",Siccode,Ownership,Tickersymbol,Territory,"Relationship Type",Category,Currency,"Credit Limit",CreditHold,"Payment Terms","Price List",Owner,PreferredMethodofContact,DonotAllowEmails,DonotAllowPhoneCalls,DonotAllowMails,DonotAllowBulkEmails,DonotAllowFaxes,FollowEmailActivity,OriginatingLead,SendMarketingMaterials,PreferRedday,PreferRedTime,PreferRedService,PreferRedFacilityEquipment,PreferRedUser,SageCustomerNumber,Baynets,ConstructionSafety,House,Incordplay,IncordPlaySpecialty,MaterialHandling,Specialty,Sports,Theatre,Distributor,Enduser,Termscode,NameofBroker,ShippingContact,CarrierShipvia,CarrierAccountNumber,CarrierContact,"CRM Guid","CRM Parent Account Id","CRM Parent Account Name","Pricing Tier","Active Flag",AccountNumber,Division,Salesperson
"2371632 Ontario Inc.",,,,,,,,,,"330 Phillip St",,,Waterloo,ON,"N2L 3W9",CAN,,,00,"Jen Gowac",,,,,,,,2,,,,,00,,"Jen Gowac",,,,,,,,,,,,,,,50-0237101,,,,,,,,,,,,00,,,,,,06f4a84c-2429-e711-815d-e0071b6a50c1,,,,1,13949,,"Jen Gowac"
"3D Logistic Inc.",,,,,,"(450) 692-5868",,,,"237, boulevard Industriel","Suite 170",,Chateauguay,QC,"J6J 4Z2",CAN,,"PPD GRD",02,"Jerry O'Neill",,,,,,,,2,,,,,02,,"Jerry O'Neill",,,,,,,,,,,,,,,30-3DLO01,,,,,,,,,,,,02,,,,,,1eeaa84c-2429-e711-815d-e0071b6a50c1,,,,1,13564,,"Jerry O'Neill"
"3D Storage Solutions Limited",,,,,,"(905) 634-0037",,,,"2321 Fairview St, Unit 101",,,Burlington,ON,"L7R 2E3",CAN,,"PPA INTL",02,"Brian Stevenson",,,,,,,,2,,,,,02,,"Brian Stevenson",,,,,,,,,,,,,,,30-3DST02,,,,,,,,,,,,02,,,,,,bb4d367f-2429-e711-815d-e0071b6a50c1,,,,1,11152,,"Brian Stevenson"
"3D Storage Systems Limited",,,,,,"(905) 830-0338",,,,"270 Harry Walker Parkway N",,,Newmarket,ON,"L3Y 7B4",CAN,,"PPA INTL",02,"Brian Stevenson",,,,,,,,2,,,,,02,,"Brian Stevenson",,,,,,,,,,,,,,,30-3DST01,,,,,,,,,,,,02,,,,,,61a1b046-2429-e711-815d-e0071b6a50c1,,,,1,11151,,"Brian Stevenson"
"Abcott Construction LTD",,,,,,"(519) 756-8721",,,,"124 Garden Ave.",,,Brantford,ON,"N3S 7W4",CAN,,"PPA INTL",00,"House BayNets",,,,,,,,2,,,,,00,,"House BayNets",,,,,,,,,,,,,,,40-ABCO01,,,,,,,,,,,,00,,,,,,8b5b367f-2429-e711-815d-e0071b6a50c1,,,,1,16055,,"House BayNets"
"Acadian Industrial Textiles",1111111,,111@111.com,,,"(678) 206-1103",,,,"3883 Rogers Bridge Road","Suite 701",,ddddd,GA,30097,CAN,,"3RD PTY",34,,,,,,,,,3,,,,,34,,,,,,,,,,,,,,,,,ACAD01,,,,,,,,,,,,,,,,,,51afe0aa-2f29-e711-8112-e0071b6aa201,,,1,1,10429,BAY,
"Active Playgrounds",,,,,,"(519) 344-3444",,,,"124 Kendall St",,,"Point Edward",ON,"N7V 4G5",CAN,,"PPA INTL",02,"Jerry Rodman",,,,,,,,2,,,,,02,,"Jerry Rodman",,,,,,,,,,,,,,,50-ACTI07,,,,,,,,,,,,02,,,,,,6d50367f-2429-e711-815d-e0071b6a50c1,,,,1,12756,,"Jerry Rodman"
"Advanced Recreation",,,,,,,,,,"Box 265",,,Crysler,ON,"K0A 1R0",CAN,,"PPA INTL",00,"Robin Ritz",,,,,,,,2,,,,,00,,"Robin Ritz",,,,,,,,,,,,,,,50-ADVA05,,,,,,,,,,,,00,,,,,,2959367f-2429-e711-815d-e0071b6a50c1,,,,1,18697,,"Robin Ritz"
"Adventure of Wonderland",,,,,,,,,,"3198 Wonderland Rd",,,London,ON,"N6L 1A1",CAN,,"PPD GRD",00,"Robin Ritz",,,,,,,,2,,,,,00,,"Robin Ritz",,,,,,,,,,,,,,,50-ADVE07,,,,,,,,,,,,00,,,,,,f35d367f-2429-e711-815d-e0071b6a50c1,,,,1,12759,,"Robin Ritz"
"Aecon Buildings Group",,,,,,,,,,"20 Carlson Court, Suite 800","Suite 800",,Toronto,ON,"M9W 7K6",CAN,,"PPA INTL",00,"House BayNets",,,,,,,,2,,,,,00,,"House BayNets",,,,,,,,,,,,,,,40-AECO01,,,,,,,,,,,,00,,,,,,1952367f-2429-e711-815d-e0071b6a50c1,,,,1,18492,,"House BayNets"
"African Safari",,,,,,"(519) 623-9542",,,,RR1,,,Cambridge,ON,"N1R 5S2",CAN,,,00,"Robin Ritz",,,,,,,,2,,,,,00,,"Robin Ritz",,,,,,,,,,,,,,,50-AFRI01,,,,,,,,,,,,00,,,,,,3559367f-2429-e711-815d-e0071b6a50c1,,,,1,16239,,"Robin Ritz"
"Aldershot Landscape Contractor",,,,,,,,,,"166 Flatt Rd",,,Burlington,ON,"L7R 3X5",CAN,,"PPA INTL",00,"Nikki Spirito",,,,,,,,2,,,,,00,,"Nikki Spirito",,,,,,,,,,,,,,,70-ALDE01,,,,,,,,,,,,00,,,,,,df62367f-2429-e711-815d-e0071b6a50c1,,,,1,11935,,"Nikki Spirito"
"Alexandre Gorski",,,,,,,,,,"2268 Highway # 6",,,Puslinch,ON,"NOB 2J0",CAN,,"PPA INTL",00,"Robin Ritz",,,,,,,,2,,,,,00,,"Robin Ritz",,,,,,,,,,,,,,,50-ALEX03,,,,,,,,,,,,00,,,,,,4d59367f-2429-e711-815d-e0071b6a50c1,,,,1,17458,,"Robin Ritz"
"Alliance Wire Rope",,,,,,"(905) 564-2994",,,,"408 Gibraltar Dr",,,Mississauga,ON,"L5T 2P5",CAN,,"PPA INTL",00,"Brian Hillery",,,,,,,,2,,,,,00,,"Brian Hillery",,,,,,,,,,,,,,,10-ALLI10,,,,,,,,,,,,00,,,,,,9d68367f-2429-e711-815d-e0071b6a50c1,,,,1,18076,,"Brian Hillery"
"AMF Canada",,,,,,"(819) 821-2913",,,,"1025 Cabana",,,Sherbrooke,QC,"J1K 2M4",CAN,,COLLECT,02,"Jerry O'Neill",,,,,,,,2,,,,,02,,"Jerry O'Neill",,,,,,,,,,,,,,,30-AMFC01,,,,,,,,,,,,02,,,,,,eb46367f-2429-e711-815d-e0071b6a50c1,,,,1,17071,,"Jerry O'Neill"
"Amusement Concepts",,,,,,,,,,"148 Mozart St",,,Dollard,QB,"H9G 2Z8",CAN,,"PPA INTL",00,"Robin Ritz",,,,,,,,2,,,,,00,,"Robin Ritz",,,,,,,,,,,,,,,50-AMUS01,,,,,,,,,,,,00,,,,,,7359367f-2429-e711-815d-e0071b6a50c1,,,,1,17463,,"Robin Ritz"
"Amusements Recreofun Inc",,,,,,,,,,"1289 Avenue Jules-Verne",,,L'Ancienne-Lorette,QC,"G2E 6L6",CAN,,"PPD GRD",00,"Robin Ritz",,,,,,,,2,,,,,00,,"Robin Ritz",,,,,,,,,,,,,,,50-AMUS03,,,,,,,,,,,,00,,,,,,7559367f-2429-e711-815d-e0071b6a50c1,,,,1,17464,,"Robin Ritz"
"Andrew Godwin",,,,,,,,,,"2160 Dewdney Rd",,,Kelowna,BC,"V1V 2C3",CAN,,"PPD GRD",00,"Robin Ritz",,,,,,,,2,,,,,00,,"Robin Ritz",,,,,,,,,,,,,,,50-ANDR08,,,,,,,,,,,,00,,,,,,48faa84c-2429-e711-815d-e0071b6a50c1,,,,1,15120,,"Robin Ritz"
"Anthem Properties",,,,,,,,,,"208 Riverfront Ave",,,Calgary,AB,T2P5K4,CAN,,,00,"Jen Gowac",,,,,,,,2,,,,,00,,"Jen Gowac",,,,,,,,,,,,,,,70-ANTH02,,,,,,,,,,,,00,,,,,,3546367f-2429-e711-815d-e0071b6a50c1,,,,1,13176,,"Jen Gowac"
"APD Printing",,,,,,,,,,"820 Nipissing Road Unit # 4",,,Milton,ON,"L9T 4Z9",CAN,,"PPD GRD",00,"Charles Crawford",,,,,,,,2,,,,,00,,"Charles Crawford",,,,,,,,,,,,,,,60-APDP01,,,,,,,,,,,,00,,,,,,eba4b046-2429-e711-815d-e0071b6a50c1,,,,1,11817,,"Charles Crawford"
Aquaventronics,,,,,,,,,,"318 Luxiana Drive","Jim Legary",,"Grande Pointe",MB,"R5A 1E1",CAN,,COLLECT,00,"Robin Ritz",,,,,,,,2,,,,,00,,"Robin Ritz",,,,,,,,,,,,,,,50-AQUA18,,,,,,,,,,,,00,,,,,,4ef0a84c-2429-e711-815d-e0071b6a50c1,,,,1,11565,,"Robin Ritz"
"Arashi Do Martial Arts",,,,,,,,,,"13837 130 Ave.",,,Edmonton,AB,"T5L 5B9",CAN,,"PPD GRD",00,"Charles Crawford",,,,,,,,2,,,,,00,,"Charles Crawford",,,,,,,,,,,,,,,60-ARAS01,,,,,,,,,,,,00,,,,,,a763367f-2429-e711-815d-e0071b6a50c1,,,,1,20143,,"Charles Crawford"
"Argue Construction LTD",,,,,,,,,,"105-A Willowlea Road",,,Carp,ON,"K0A 1L0",CAN,,"UPS PPD GRD",00,"House BayNets",,,,,,,,2,,,,,00,,"House BayNets",,,,,,,,,,,,,,,40-ARGU01,,,,,,,,,,,,00,,,,,,4152367f-2429-e711-815d-e0071b6a50c1,,,,1,19666,,"House BayNets"
"Art Attack",,,,,,"(780) 439-8908",,,,"9350 47th St",,,Edmonton,AB,"T6B 2P6",CAN,,"PPA INTL",00,"Robin Ritz",,,,,,,,2,,,,,00,,"Robin Ritz",,,,,,,,,,,,,,,50-PHAN01,,,,,,,,,,,,00,,,,,,3148367f-2429-e711-815d-e0071b6a50c1,,,,1,16411,,"Robin Ritz"
"Astro Amusements",,,,,,,,,,"16130 Weston Rd.",,,Kettleby,ON,"L7B 0E7",CAN,,"PPD GRD",00,"Charles Crawford",,,,,,,,2,,,,,00,,"Charles Crawford",,,,,,,,,,,,,,,60-ASTR01,,,,,,,,,,,,00,,,,,,b563367f-2429-e711-815d-e0071b6a50c1,,,,1,17752,,"Charles Crawford"
"ATS Automation",,,,,,"(519) 650-6697",,,,"730 Fountain St N, Bldg 3",,,Cambridge,ON,"N3H 4R7",CAN,,"PPD GRD",00,"Brian Stevenson",,,,,,,,2,,,,,00,,"Brian Stevenson",,,,,,,,,,,,,,,30-ATSA01,,,,,,,,,,,,00,,,,,,74eba84c-2429-e711-815d-e0071b6a50c1,,,,1,11170,,"Brian Stevenson"
"Auburn Developments",,,,,,"(519) 434-5084",,,,"23311 Nissouri Rd. RR1",,,Thorndale,ON,"N0M 2P0",CAN,,"PPD GRD",00,"Charles Crawford",,,,,,,,2,,,,,00,,"Charles Crawford",,,,,,,,,,,,,,,60-AUBU01,,,,,,,,,,,,00,,,,,,b963367f-2429-e711-815d-e0071b6a50c1,,,,1,16501,,"Charles Crawford"
"Automation Tooling Systems Inc",,,,,,"(519) 650-6514",,,,"250 Royal Oak Rd",,,Cambridge,ON,"N3H 4R6",CAN,,"PPD GRD",00,"Brian Stevenson",,,,,,,,2,,,,,00,,"Brian Stevenson",,,,,,,,,,,,,,,30-AUTO06,,,,,,,,,,,,00,,,,,,9afaa84c-2429-e711-815d-e0071b6a50c1,,,,1,14743,,"Brian Stevenson"
AUTOMHA,,,,,,,,,,"1300 S Service Rd",,,Oakville,ON,"L6L 5T7",CAN,,"CUST PU",02,"Jerry O'Neill",,,,,,,,2,,,,,02,,"Jerry O'Neill",,,,,,,,,,,,,,,30-PALL01,,,,,,,,,,,,02,,,,,,1da9b046-2429-e711-815d-e0071b6a50c1,,,,1,11271,,"Jerry O'Neill"
"Aux Deux Moulins Development",,,,,,,,,,"7385 Ave Papineau",,,Montreal,QC,"H2E 2G7",CAN,,"PPA INTL",02,"Robin Ritz",,,,,,,,2,,,,,02,,"Robin Ritz",,,,,,,,,,,,,,,50-AUXD01,,,,,,,,,,,,02,,,,,,275e367f-2429-e711-815d-e0071b6a50c1,,,,1,12772,,"Robin Ritz"
"Auxili Design",,,,,,,,,,"67 Strathclair Rise SW",,,Calgary,AB,"T3H 1G3",CAN,,"PPA INTL",00,"Robin Ritz",,,,,,,,2,,,,,00,,"Robin Ritz",,,,,,,,,,,,,,,50-AUXI02,,,,,,,,,,,,00,,,,,,b959367f-2429-e711-815d-e0071b6a50c1,,,,1,16250,,"Robin Ritz"
Badinotti,,,,,,"(705) 722-5309",,,,"33 Alliance Blvd., Unit 8",,,Barrie,ON,"L4M 5K2",CAN,,,02,House,,,,,,,,2,,,,,02,,House,,,,,,,,,,,,,,,70-BADI01,,,,,,,,,,,,02,,,,,,b96a367f-2429-e711-815d-e0071b6a50c1,,,,1,19112,,House
"Badinotti North America Inc.",,,,,,"(705) 722-5309",,,,"14 Pooles Road",,,,ON,L0L1X1,Can,,100000000,,,,,,,,,,3,,,,,60,,,,,,,,,,,,,,,,,BADI02,,,,,,,,,,,,,,,,,,6bb3e0aa-2f29-e711-8112-e0071b6aa201,,,,1,10937,,
"Barrette Outdoor Living",,,,,,"(450) 357-7050",,,,"583 Grand-Bernier Nord",,,St-Jean-Sur-Richel,QC,"J3B 8K1",CAN,,"PPD GRD",00,"Brian Hillery",,,,,,,,2,,,,,00,,"Brian Hillery",,,,,,,,,,,,,,,10-BARR01,,,,,,,,,,,,00,,,,,,4b4c367f-2429-e711-815d-e0071b6a50c1,,,,1,14525,,"Brian Hillery"
"Bastian Canada",,,,,,"(317) 575-8596",,,,"2560 Matheson Blvd #225",,,Mississauga,ON,"L4W 4Y9",CAN,,"PPD GRD",02,"Brian Stevenson",,,,,,,,2,,,,,02,,"Brian Stevenson",,,,,,,,,,,,,,,30-BAST04,,,,,,,,,,,,02,,,,,,f347367f-2429-e711-815d-e0071b6a50c1,,,,1,19537,,"Brian Stevenson"
"BDI Canada Inc.",,,,,,"(905) 238-1395",,,,"119 Spadina Ave.","Station B, Box 37",,Toronto,ON,"M5T 2T2",CAN,,"PPD GRD",00,"Brian Hillery",,,,,,,,2,,,,,00,,"Brian Hillery",,,,,,,,,,,,,,,10-BDIC01,,,,,,,,,,,,00,,,,,,4ef3a84c-2429-e711-815d-e0071b6a50c1,,,,1,18092,,"Brian Hillery"
"Beaver Materials Handling LTD",,,,,,"(416) 645-1904",,,,"5050 Dufferin St, Unit 107-108",,,"North York",ON,"M3H 5T5",CAN,,"PPA INTL",02,"Brian Stevenson",,,,,,,,2,,,,,02,,"Brian Stevenson",,,,,,,,,,,,,,,30-BEAV01,,,,,,,,,,,,02,,,,,,b957367f-2429-e711-815d-e0071b6a50c1,,,,1,15902,,"Brian Stevenson"
"B.E. Gilmore Contracting Group",,,,,,"(905) 465-3882",,,,"2469 Lakeshore Rd West",,,Oakville,ON,"L6L 1H9",CAN,,"PPA INTL",00,"Charles Crawford",,,,,,,,2,,,,,00,,"Charles Crawford",,,,,,,,,,,,,,,60-BEGI01,,,,,,,,,,,,00,,,,,,cb63367f-2429-e711-815d-e0071b6a50c1,,,,1,16503,,"Charles Crawford"
"Bill Shields",,,,,,,,,,"2653 Elmhurst Street",Ottawa,,,,,CAN,,100000000,,,,,,,,,,3,,,,,,,,,,,,,,,,,,,,,,BILL02,,,,,,,,,,,,,,,,,,5dade0aa-2f29-e711-8112-e0071b6aa201,,,,1,10182,,
"Billy Willis",,,,,,,,,,"37 Des Merles",,,Blainville,QB,"J7C 3N7",CAN,,"PPA INTL",00,"Charles Crawford",,,,,,,,2,,,,,00,,"Charles Crawford",,,,,,,,,,,,,,,60-BILL14,,,,,,,,,,,,00,,,,,,1961367f-2429-e711-815d-e0071b6a50c1,,,,1,11824,,"Charles Crawford"
"Blue Imp Recreational Products",,,,,,"(403) 529-0851",,,,"724-14th Street SW",,,"Medicine Hat",AB,"T1A 4V7",CAN,,"PPA INTL",02,"Jerry Rodman",,,,,,,,2,,,,,02,,"Jerry Rodman",,,,,,,,,,,,,,,50-BLUE05,,,,,,,,,,,,02,,,,,,2b5e367f-2429-e711-815d-e0071b6a50c1,,,,1,16257,,"Jerry Rodman"
BosScapes,,,,,,"(403) 345-5677",,,,"1 KM West Of Coaldale","Hwy 3",,Coaldale,AB,"T1M 1M6",CAN,,"PPA INTL",00,"Robin Ritz",,,,,,,,2,,,,,00,,"Robin Ritz",,,,,,,,,,,,,,,50-BOSS01,,,,,,,,,,,,00,,,,,,0d5a367f-2429-e711-815d-e0071b6a50c1,,,,1,17484,,"Robin Ritz"
"Bowringer Engineering Limited",,,,,,709-738-2530,,,,"179 McNamara Drive",,,Paradise,NL,"A1L 0A7",CAN,,"PPA INTL",00,"Nikki Spirito",,,,,,,,2,,,,,00,,"Nikki Spirito",,,,,,,,,,,,,,,70-BOWR01,,,,,,,,,,,,00,,,,,,eb6a367f-2429-e711-815d-e0071b6a50c1,,,,1,16635,,"Nikki Spirito"
"Buckland & Taylor Ltd",,,,,,"(604) 986-1302",,,,"101-788 Harbourside Dr",,,"North Vancouver",BC,"V7P 3R7",CAN,,"PPA INTL",00,"Brian Hillery",,,,,,,,2,,,,,00,,"Brian Hillery",,,,,,,,,,,,,,,10-BUCK04,,,,,,,,,,,,00,,,,,,baf3a84c-2429-e711-815d-e0071b6a50c1,,,,1,16873,,"Brian Hillery"
"CAE Inc.",,,,,,,,,,"8585 Cote-de-Liesse",,,Montreal,QC,"H4T 1G6",CAN,,COLLECT,00,"House BayNets",,,,,,,,2,,,,,00,,"House BayNets",,,,,,,,,,,,,,,40-CAEI01,,,,,,,,,,,,00,,,,,,61a2b046-2429-e711-815d-e0071b6a50c1,,,,1,11359,,"House BayNets"
"Canadian Bearings Ltd",,,,,,,,,,"1600 Drew Rd Dept CW",,,Mississauga,ON,"L5S 1S5",CAN,,"PPA INTL",50,"Joe Menhart",,,,,,,,2,,,,,50,,"Joe Menhart",,,,,,,,,,,,,,,40-CANA02,,,,,,,,,,,,50,,,,,,76eda84c-2429-e711-815d-e0071b6a50c1,,,,1,12552,,"Joe Menhart"
"Canadian Car Care/Minute Lube",,,,,,"(519) 641-2531",,,,"120 Pine Valley Blvd",,,London,ON,"N6K 3W9",CAN,,"PPA INTL",00,"House BayNets",,,,,,,,2,,,,,00,,"House BayNets",,,,,,,,,,,,,,,40-CANA01,,,,,,,,,,,,00,,,,,,a752367f-2429-e711-815d-e0071b6a50c1,,,,1,18516,,"House BayNets"
"Canadian IPG Corporation",,,,,,"(519) 637-9848",,,,"130 Woodworth Ave.",,,"St. Thomas",ON,"N5P 3K1",CAN,,COLLECT,00,"Brian Hillery",,,,,,,,2,,,,,00,,"Brian Hillery",,,,,,,,,,,,,,,10-CANA04,,,,,,,,,,,,00,,,,,,66faa84c-2429-e711-815d-e0071b6a50c1,,,,1,12160,,"Brian Hillery"
"Canadian Mennonite University",,,,,,,,,,"500 Shaftesbury Blvd",,,Winnipeg,MB,"R3P 2N2",CAN,,,00,House,,,,,,,,2,,,,,00,,House,,,,,,,,,,,,,,,70-CANA01,,,,,,,,,,,,00,,,,,,05a9b046-2429-e711-815d-e0071b6a50c1,,,,1,14349,,House
"Canadian National Railway",,,,,,"(514) 399-6787",,,,"Accounts Payable","PO Box 8103",,Montreal,QC,"H3C 3N3",CAN,,"PPA INTL",02,"Brian Hillery",,,,,,,,2,,,,,02,,"Brian Hillery",,,,,,,,,,,,,,,10-CANA02,,,,,,,,,,,,02,,,,,,a553367f-2429-e711-815d-e0071b6a50c1,,,,1,19331,,"Brian Hillery"
"Canadian Natural Resources Ltd",,,,,,,,,,"2500 - 855 - 2nd St. SW",,,Calgary,AB,"T2P 4J8",CAN,,"PPD GRD",00,"Brian Hillery",,,,,,,,2,,,,,00,,"Brian Hillery",,,,,,,,,,,,,,,10-CANA05,,,,,,,,,,,,00,,,,,,c5a0b046-2429-e711-815d-e0071b6a50c1,,,,1,14532,,"Brian Hillery"
"Canadian Playsystems",,,,,,"(614) 274-7695",,,,"120 - 12417 No. 2 Rd",,,Richmond,BC,"V7E 6H6",CAN,,"PPA INTL",02,"Robin Ritz",,,,,,,,2,,,,,02,,"Robin Ritz",,,,,,,,,,,,,,,50-CANA03,,,,,,,,,,,,02,,,,,,7750367f-2429-e711-815d-e0071b6a50c1,,,,1,11586,,"Robin Ritz"
"Canpro Construction",,,,,,,,,,"555 Dupplin Rd","Ryan S. 250-818-5710",,Victoria,BC,"V8Z 1C2",CAN,,"PPD GRD",00,"Joe Menhart",,,,,,,,2,,,,,00,,"Joe Menhart",,,,,,,,,,,,,,,15-CANP01,,,,,,,,,,,,00,,,,,,e4e9a84c-2429-e711-815d-e0071b6a50c1,,,,1,11131,,"Joe Menhart"
"Capilano Suspension Bridge",,,,,,"(604) 985-7479",,,,"3735 Capilano Rd",,,"North Vancouver",BC,"V7R 4J1",CAN,,"PPA INTL",00,"Robin Ritz",,,,,,,,2,,,,,00,,"Robin Ritz",,,,,,,,,,,,,,,50-CAPI02,,,,,,,,,,,,00,,,,,,5b5e367f-2429-e711-815d-e0071b6a50c1,,,,1,11587,,"Robin Ritz"
"Cardinal Coach Lines",,,,,,"(403) 531-3972",,,,"732 41st Ave NE",,,Calgary,AB,"T2E 3P9",CAN,,"PPA INTL",00,"House BayNets",,,,,,,,2,,,,,00,,"House BayNets",,,,,,,,,,,,,,,40-CARD02,,,,,,,,,,,,00,,,,,,a952367f-2429-e711-815d-e0071b6a50c1,,,,1,16077,,"House BayNets"
"Cascades Conversion Inc.",,,,,,"(819) 363-5455",,,,"457, boulevard Marie-Victorin",,,"Kingsey Falls",QC,"J0A 1B0",CAN,,"3RD PTY",00,"Brian Stevenson",,,,,,,,2,,,,,00,,"Brian Stevenson",,,,,,,,,,,,,,,30-CASC01,,,,,,,,,,,,00,,,,,,d557367f-2429-e711-815d-e0071b6a50c1,,,,1,11185,,"Brian Stevenson"
"Cascadia Sport Systems",,,,,,,,,,"3012 C Murray Street",,,,BC,"V3H 1X2",CAN,,100000000,,,,,,,,,,3,,,,,,,,,,,,,,,,,,,,,,ARCASC,,,,,,,,,,,,,,,,,,85b2e0aa-2f29-e711-8112-e0071b6aa201,,,,1,10822,,
"Cascadia Sport Systems",,,,,,"(604) 469-7278",,,,"3012 C Murray St",,,"Port Moody",BC,"V3H 1X2",CAN,,"PPA INTL",02,"Charles Crawford",,,,,,,,2,,,,,02,,"Charles Crawford",,,,,,,,,,,,,,,60-CASE02,,,,,,,,,,,,02,,,,,,2564367f-2429-e711-815d-e0071b6a50c1,,,,1,20153,,"Charles Crawford"
"Catalyst Paper",,,,,,"(604) 483-2950",,,,"Powell River Division","6270 Yew Street",,"Powell River",BC,"V8A 4K1",CAN,,"UPS PPA INTL",00,"Joe Menhart",,,,,,,,2,,,,,00,,"Joe Menhart",,,,,,,,,,,,,,,40-CATA01,,,,,,,,,,,,00,,,,,,63a2b046-2429-e711-815d-e0071b6a50c1,,,,1,13753,,"Joe Menhart"
"Cedar Park Resort",,,,,,,,,,"6296 Cedar Park Rd.",,,Bowmanville,ON,"L1C 3K2",CAN,,"PPA INTL",00,"Robin Ritz",,,,,,,,2,,,,,00,,"Robin Ritz",,,,,,,,,,,,,,,50-CEDA06,,,,,,,,,,,,00,,,,,,7f5a367f-2429-e711-815d-e0071b6a50c1,,,,1,18737,,"Robin Ritz"
"Charmed Playhouses",,,,,,,,,,"RR8 Site 34 Comp 8",,,Lethbridge,AB,"T1J 4P4",CAN,,,00,"Jen Gowac",,,,,,,,2,,,,,00,,"Jen Gowac",,,,,,,,,,,,,,,50-CHAR01,,,,,,,,,,,,00,,,,,,cb48367f-2429-e711-815d-e0071b6a50c1,,,,1,10024,,"Jen Gowac"
"CH Four Biogas Inc",,,,,,,,,,"107-1390 Prince of Wales Drive",,,,00,"K2C 3N6",CAN,,100000000,,,,,,,,,,3,,,,,,,,,,,,,,,,,,,,,,CHFO02,,,,,,,,,,,,,,,,,,45b2e0aa-2f29-e711-8112-e0071b6aa201,,,,1,10790,,
"CH Four Biogas Inc.",,,,,,"(613) 224-1642",,,,"1390 Prince of Wales Dr","Suite 107",,Ottawa,ON,"K2C 3N6",CAN,,"PPA INTL",02,House,,,,,,,,2,,,,,02,,House,,,,,,,,,,,,,,,70-CHFO01,,,,,,,,,,,,02,,,,,,1f6b367f-2429-e711-815d-e0071b6a50c1,,,,1,19127,,House
"CHFour Biogas Inc.",,,,,,,,,,"1390 Prince of Wales Drive",,,,ON,"K2C 3NC",CAN,,100000000,,,,,,,,,,3,,,,,,,,,,,,,,,,,,,,,,ARCHFO,,,,,,,,,,,,,,,,,,a7ade0aa-2f29-e711-8112-e0071b6aa201,,,,1,10217,,
"Chicope Tube Park",,,,,,,,,,"1600 River Road East",,,Kitchener,ON,"N2A 4K8",CAN,,,00,"Robin Ritz",,,,,,,,2,,,,,00,,"Robin Ritz",,,,,,,,,,,,,,,50-CHIC01,,,,,,,,,,,,00,,,,,,9d5a367f-2429-e711-815d-e0071b6a50c1,,,,1,18740,,"Robin Ritz"
"Cintas Corp.",,,,,,,,,,"149 Eddystone Ave",,,Toronto,ON,"M3N 1H5",CAN,,"UPS PPD GRD",00,"House BayNets",,,,,,,,2,,,,,00,,"House BayNets",,,,,,,,,,,,,,,40-CINT01,,,,,,,,,,,,00,,,,,,f4f0a84c-2429-e711-815d-e0071b6a50c1,,,,1,12556,,"House BayNets"
Citco,,,,,,"(514) 335-9702",,,,"2639 Pitfield Blvd",,,Saint-Laurent,QC,"H4S IT2",CAN,,"PPA INTL",00,"Charles Crawford",,,,,,,,2,,,,,00,,"Charles Crawford",,,,,,,,,,,,,,,60-CITC01,,,,,,,,,,,,00,,,,,,034a367f-2429-e711-815d-e0071b6a50c1,,,,1,14242,,"Charles Crawford"
"City of Abbotsford",,,,,,,,,,"31739 King Rd",,,Abbotsford,BC,"V2T 5Z2",CAN,,"PPD GRD",00,"Robin Ritz",,,,,,,,2,,,,,00,,"Robin Ritz",,,,,,,,,,,,,,,50-CITY59,,,,,,,,,,,,00,,,,,,095b367f-2429-e711-815d-e0071b6a50c1,,,,1,19925,,"Robin Ritz"
"City of Lethbridge",,,,,,,,,,"280 - 5 St. N",,,Lethbridge,AB,"T1H 1W3",CAN,,"PPA INTL",00,"Robin Ritz",,,,,,,,2,,,,,00,,"Robin Ritz",,,,,,,,,,,,,,,50-CITY21,,,,,,,,,,,,00,,,,,,775e367f-2429-e711-815d-e0071b6a50c1,,,,1,19921,,"Robin Ritz"
"City of North Vancouver Operat",,,,,,,,,,"61 Bewicke Ave.",,,"North Vancouver",BC,"V7M 3B6",CAN,,,00,"Robin Ritz",,,,,,,,2,,,,,00,,"Robin Ritz",,,,,,,,,,,,,,,50-CITY82,,,,,,,,,,,,00,,,,,,20fca84c-2429-e711-815d-e0071b6a50c1,,,,1,14005,,"Robin Ritz"
"City of Regina",,,,,,,,,,"1202 Ross Ave",,,Regina,SK,"S4P 3C8",CAN,,"PPD GRD",00,"House BayNets",,,,,,,,2,,,,,00,,"House BayNets",,,,,,,,,,,,,,,40-CITY28,,,,,,,,,,,,00,,,,,,df52367f-2429-e711-815d-e0071b6a50c1,,,,1,17265,,"House BayNets"
"CND Rope & Industrial Supply",,,,,,"(780) 468-7673",,,,"1654-70th Ave",,,Edmonton,AB,"T6P 1P5",CAN,,"PPA INTL",02,"Robin Ritz",,,,,,,,2,,,,,02,,"Robin Ritz",,,,,,,,,,,,,,,50-CNDR01,,,,,,,,,,,,02,,,,,,455b367f-2429-e711-815d-e0071b6a50c1,,,,1,18759,,"Robin Ritz"
"CNH North America Inc",,,,,,,,,,"1000, 71st ST E",,,Saskatoon,SK,"S7P 0B5",CAN,,"UPS PPD GRD",00,"House BayNets",,,,,,,,2,,,,,00,,"House BayNets",,,,,,,,,,,,,,,40-CNHS01,,,,,,,,,,,,00,,,,,,f152367f-2429-e711-815d-e0071b6a50c1,,,,1,17266,,"House BayNets"
"Cobequid Trail Consulting",,,,,,,,,,"3361 Hwy 2",,,Economy,NS,"B0M 1J0",CAN,,"PPA INTL",02,"Jerry Rodman",,,,,,,,2,,,,,02,,"Jerry Rodman",,,,,,,,,,,,,,,50-COBE01,,,,,,,,,,,,02,,,,,,46fda84c-2429-e711-815d-e0071b6a50c1,,,,1,11610,,"Jerry Rodman"
"Community Babcock",,,,,,"(905) 791-8057",,,,"12 Chelsea Lane",,,Brampton,ON,"L6T 3Y4",CAN,,"PPA INTL",00,"House BayNets",,,,,,,,2,,,,,00,,"House BayNets",,,,,,,,,,,,,,,40-COMM02,,,,,,,,,,,,00,,,,,,67a2b046-2429-e711-815d-e0071b6a50c1,,,,1,14918,,"House BayNets"
"Confederation Lube & Tire",,,,,,"(519) 344-3320",,,,"787 Confederation Sq",,,Sarnia,ON,"N7T 2E4",CAN,,"PPA INTL",00,"House BayNets",,,,,,,,2,,,,,00,,"House BayNets",,,,,,,,,,,,,,,40-CONF01,,,,,,,,,,,,00,,,,,,fb52367f-2429-e711-815d-e0071b6a50c1,,,,1,16087,,"House BayNets"
"Cooper Standard",,,,,,,,,,"703 Douro St.",,,Stratford,ON,"N5A 3T1",CAN,,"3RD PTY",00,"Brian Stevenson",,,,,,,,2,,,,,00,,"Brian Stevenson",,,,,,,,,,,,,,,30-COOP01,,,,,,,,,,,,00,,,,,,1358367f-2429-e711-815d-e0071b6a50c1,,,,1,12393,,"Brian Stevenson"
"County of Bruce Highways Dept.",,,,,,,,,,"30 Park St.",,,Walkerton,ON,"N0G 2V0",CAN,,"UPS PPD GRD",00,"House BayNets",,,,,,,,2,,,,,00,,"House BayNets",,,,,,,,,,,,,,,40-COUN02,,,,,,,,,,,,00,,,,,,0553367f-2429-e711-815d-e0071b6a50c1,,,,1,19695,,"House BayNets"
"Creations dans les arbres",,,,,,,,,,"4306 chemin Vincent Massey",,,Rawdan,QC,"J0K 1S0",CAN,,,00,"Robin Ritz",,,,,,,,2,,,,,00,,"Robin Ritz",,,,,,,,,,,,,,,50-CREA12,,,,,,,,,,,,00,,,,,,7d5b367f-2429-e711-815d-e0071b6a50c1,,,,1,17524,,"Robin Ritz"
"Crosby Canada Inc",,,,,,"(905) 457-3331",,,,"145 Heart Lake Rd",,,Brampton,ON,"L6W 3K3",CAN,,"PPA INTL",00,"Brian Stevenson",,,,,,,,2,,,,,00,,"Brian Stevenson",,,,,,,,,,,,,,,30-CROS01,,,,,,,,,,,,00,,,,,,1149367f-2429-e711-815d-e0071b6a50c1,,,,1,15917,,"Brian Stevenson"
Cuisinox,,,,,,,,,,"525 Fernand Poitras",,,Terrebonne,QC,"J6Y 1Y5",CAN,,"PPA INTL",00,"Charles Crawford",,,,,,,,2,,,,,00,,"Charles Crawford",,,,,,,,,,,,,,,60-CUIS01,,,,,,,,,,,,00,,,,,,83a8b046-2429-e711-815d-e0071b6a50c1,,,,1,15367,,"Charles Crawford"
"Custom Ice Inc.",,,,,,"(905) 632-6723",,,,"C2-3375 North Service Rd.",,,Burlington,ON,"L7N 3G2",CAN,,"PPA INTL",02,"Charles Crawford",,,,,,,,2,,,,,02,,"Charles Crawford",,,,,,,,,,,,,,,60-CUST07,,,,,,,,,,,,02,,,,,,7164367f-2429-e711-815d-e0071b6a50c1,,,,1,19015,,"Charles Crawford"
"Cypress Hills Eco-Adventures",,,,,,,,,,"Box 176",,,"Maple Creek",SK,"S0N 1NO",CAN,,"PPA INTL",00,"Robin Ritz",,,,,,,,2,,,,,00,,"Robin Ritz",,,,,,,,,,,,,,,50-CYPR02,,,,,,,,,,,,00,,,,,,975b367f-2429-e711-815d-e0071b6a50c1,,,,1,19940,,"Robin Ritz"
"David Marlowe",,,,,,,,,,"200 Oak Ridge Dr",,,"Baie D'urfe",QU,"HPX 2N2",CAN,,"PPA INTL",00,"Robin Ritz",,,,,,,,2,,,,,00,,"Robin Ritz",,,,,,,,,,,,,,,70-DAVI16,,,,,,,,,,,,00,,,,,,5f6b367f-2429-e711-815d-e0071b6a50c1,,,,1,19138,,"Robin Ritz"
"Daymar Mfg.",,,,,,,,,,"309314 Centre Line B","RR 1",,Badjeros,ON,"N0C 1A0",CAN,,COLLECT,00,"Jerry O'Neill",,,,,,,,2,,,,,00,,"Jerry O'Neill",,,,,,,,,,,,,,,30-DAYM01,,,,,,,,,,,,00,,,,,,ab4a367f-2429-e711-815d-e0071b6a50c1,,,,1,18342,,"Jerry O'Neill"
"DDI Dupont Distribution Indust",,,,,,"(450) 969-4259",,,,"198 Place Allard",,,Laval,QC,"H7X 3Y1",CAN,,"3RD PTY",00,"Brian Hillery",,,,,,,,2,,,,,00,,"Brian Hillery",,,,,,,,,,,,,,,10-DDID01,,,,,,,,,,,,00,,,,,,0554367f-2429-e711-815d-e0071b6a50c1,,,,1,12176,,"Brian Hillery"
"DeBruin Farms LTD",,,,,,,,,,"61 Button Bay Rd",,,"Wolfe Island",ON,"K0H 2Y0",CAN,,"PPA INTL",00,"Jen Gowac",,,,,,,,2,,,,,00,,"Jen Gowac",,,,,,,,,,,,,,,70-DEBR02,,,,,,,,,,,,00,,,,,,676b367f-2429-e711-815d-e0071b6a50c1,,,,1,16654,,"Jen Gowac"
"Deciantis Construction Limited",,,,,,"(905) 883-5243",,,,"475 Edward Ave, Unit #2",,,"Richmond Hill",ON,"L4C 5E5",CAN,,"PPD GRD",00,"Joe Menhart",,,,,,,,2,,,,,00,,"Joe Menhart",,,,,,,,,,,,,,,15-DECI01,,,,,,,,,,,,00,,,,,,02ffa84c-2429-e711-815d-e0071b6a50c1,,,,1,19488,,"Joe Menhart"
"Dematic Limited",,,,,,"(905) 363-6969",,,,"6711 Mississauga Rd., Ste 200",,,Mississauga,ON,"L5N 2W3",CAN,,"PPA INTL",00,"Brian Stevenson",,,,,,,,2,,,,,00,,"Brian Stevenson",,,,,,,,,,,,,,,30-SIEM07,,,,,,,,,,,,00,,,,,,855a367f-2429-e711-815d-e0071b6a50c1,,,,1,13686,,"Brian Stevenson"
"Derek Clease",,,,,,,,,,"601 W 22nd Ave.",,,Vancouver,BC,"V5Z 1Z5",CAN,,"PPA INTL",00,House,,,,,,,,2,,,,,00,,House,,,,,,,,,,,,,,,70-DERE02,,,,,,,,,,,,00,,,,,,696b367f-2429-e711-815d-e0071b6a50c1,,,,1,19140,,House
"Devitt & Forand Contractors, I",,,,,,"(403) 255-8501",,,,"5716 Burbank Cresent S.E.",,,Calgary,AB,"T2H 1Z6",CAN,,"PPA INTL",00,"House BayNets",,,,,,,,2,,,,,00,,"House BayNets",,,,,,,,,,,,,,,40-DEVI01,,,,,,,,,,,,00,,,,,,315c367f-2429-e711-815d-e0071b6a50c1,,,,1,13774,,"House BayNets"
"Dobco Enterprises Limited",,,,,,"(519) 833-9519",,,,"6 Erinville Drive",,,Erin,ON,"N0B 1T0",CAN,,"PPA INTL",00,House,,,,,,,,2,,,,,00,,House,,,,,,,,,,,,,,,70-DOBC01,,,,,,,,,,,,00,,,,,,776b367f-2429-e711-815d-e0071b6a50c1,,,,1,19141,,House
"Donald C. Salter",,,,,,,,,,"144 Beaconsfield Blvd.",,,Beaconsfield,QC,"H9W 3Z7",CAN,,USPS,00,"Robin Ritz",,,,,,,,2,,,,,00,,"Robin Ritz",,,,,,,,,,,,,,,70-DONA04,,,,,,,,,,,,00,,,,,,7f6b367f-2429-e711-815d-e0071b6a50c1,,,,1,20289,,"Robin Ritz"
"Dynamic Structures",,,,,,"(604) 294-4550",,,,"1515 Kingsway Ave",,,"Port Coquitlam",BC,"V3C 1S2",CAN,,,00,"Jen Gowac",,,,,,,,2,,,,,00,,"Jen Gowac",,,,,,,,,,,,,,,70-DYNA01,,,,,,,,,,,,00,,,,,,d0e7a84c-2429-e711-815d-e0071b6a50c1,,,,1,11977,,"Jen Gowac"
"Dynamo Industries",,,,,,"(613) 845-0914",,,,"880 Taylor Creek Dr.","Suite 122",,Ottawa,ON,"K1C 1T1",CAN,,"PPA INTL",00,"Robin Ritz",,,,,,,,2,,,,,00,,"Robin Ritz",,,,,,,,,,,,,,,50-DYMA01,,,,,,,,,,,,00,,,,,,53a3b046-2429-e711-815d-e0071b6a50c1,,,,1,11628,,"Robin Ritz"
"Earthscape Play Inc.",,,,,,"(519) 669-5085",,,,"7215 Wellington Rd. 86",,,Wallenstein,ON,"N0B 2S0",CAN,,"PPA INTL",02,"Robin Ritz",,,,,,,,2,,,,,02,,"Robin Ritz",,,,,,,,,,,,,,,50-EART01,,,,,,,,,,,,02,,,,,,bb5e367f-2429-e711-815d-e0071b6a50c1,,,,1,16304,,"Robin Ritz"
"Econo-Rack Storage Equipment",,,,,,"(905) 670-1710",,,,"1770 Britannia Rd. East",,,Mississauga,ON,"L4W 1J3",CAN,,"PPA INTL",00,"Brian Stevenson",,,,,,,,2,,,,,00,,"Brian Stevenson",,,,,,,,,,,,,,,30-ECON01,,,,,,,,,,,,00,,,,,,0af2a84c-2429-e711-815d-e0071b6a50c1,,,,1,14776,,"Brian Stevenson"
"Edmonton Opera Association",,,,,,"(780) 429-0600",,,,"15230-128 Ave",,,Edmonton,AB,"T5V 1A8",CAN,,"PPA INTL",00,"Jen Gowac",,,,,,,,2,,,,,00,,"Jen Gowac",,,,,,,,,,,,,,,70-EDMO01,,,,,,,,,,,,00,,,,,,ab6b367f-2429-e711-815d-e0071b6a50c1,,,,1,17896,,"Jen Gowac"
"Ellis Don Construction",,,,,,"(403) 253-4191",,,,"300-7330 Fisher St SE",,,Calgary,AB,"T2H 2H8",CAN,,"PPA INTL",00,"Brian Hillery",,,,,,,,2,,,,,00,,"Brian Hillery",,,,,,,,,,,,,,,10-ELLI02,,,,,,,,,,,,00,,,,,,3354367f-2429-e711-815d-e0071b6a50c1,,,,1,18124,,"Brian Hillery"
"Enscaf Corp.",,,,,,"(416) 613-2829",,,,"210 Cochrane Dr.","Unit 8",,Markham,ON,"L3R 8E6",CAN,,"COLLECT INT'L",02,"Brian Hillery",,,,,,,,2,,,,,02,,"Brian Hillery",,,,,,,,,,,,,,,10-ENSC01,,,,,,,,,,,,02,,,,,,cfa8b046-2429-e711-815d-e0071b6a50c1,,,,1,12190,,"Brian Hillery"
"Entrepot Frigorifique Int'l",,,,,,"(514) 344-5028",,,,"8155 Transcanadienne",,,"St Laurent",QC,"H4S 1S4",CAN,,"PPA INTL",00,"Jerry O'Neill",,,,,,,,2,,,,,00,,"Jerry O'Neill",,,,,,,,,,,,,,,30-ENTR01,,,,,,,,,,,,00,,,,,,8f58367f-2429-e711-815d-e0071b6a50c1,,,,1,15939,,"Jerry O'Neill"
"Equipement Boni Inc.",,,,,,"(450) 653-5391",,,,"1299 Marie-Victorin",,,St-Bruno,QC,"J3V 6B7",CAN,,"3RD PTY",02,"Jerry O'Neill",,,,,,,,2,,,,,02,,"Jerry O'Neill",,,,,,,,,,,,,,,30-EQUI04,,,,,,,,,,,,02,,,,,,9158367f-2429-e711-815d-e0071b6a50c1,,,,1,18357,,"Jerry O'Neill"
Etalex,,,,,,"(514) 351-2100",,,,"8501 Jarry Street East",,,Anjou,QC,"H1J 1H7",CAN,,"3RD PTY",00,"Brian Stevenson",,,,,,,,2,,,,,00,,"Brian Stevenson",,,,,,,,,,,,,,,30-ETAL01,,,,,,,,,,,,00,,,,,,dba7b046-2429-e711-815d-e0071b6a50c1,,,,1,14781,,"Brian Stevenson"
Evacuscape,,,,,,,,,,"150 Steeprock Drive",,,Toronto,ON,"M3J 2T4",CAN,,"PPD GRD",00,"Nikki Spirito",,,,,,,,2,,,,,00,,"Nikki Spirito",,,,,,,,,,,,,,,70-EVAU01,,,,,,,,,,,,00,,,,,,1b4f367f-2429-e711-815d-e0071b6a50c1,,,,1,14380,,"Nikki Spirito"
"Ever-Wear Canada",,,,,,"(705) 733-9085",,,,"22 Fawn Cres",,,Barrie,ON,"L4N 7Z5",CAN,,"PPA INTL",00,"House BayNets",,,,,,,,2,,,,,00,,"House BayNets",,,,,,,,,,,,,,,40-EVER01,,,,,,,,,,,,00,,,,,,8953367f-2429-e711-815d-e0071b6a50c1,,,,1,18546,,"House BayNets"
Expographiq,,,,,,"(819) 770-9816",,,,"65, rue Adrien-Robert",,,Gatineau,QC,"J8Y 3S3",CAN,,"PPA INTL",00,"Brian Hillery",,,,,,,,2,,,,,00,,"Brian Hillery",,,,,,,,,,,,,,,10-EXPO01,,,,,,,,,,,,00,,,,,,4954367f-2429-e711-815d-e0071b6a50c1,,,,1,11003,,"Brian Hillery"
"Extreme Zipline",,,,,,"(905) 794-1071",,,,"7855 Finch Ave W",,,Brampton,ON,"L6T 0B2",CAN,,"PPA INTL",00,"Robin Ritz",,,,,,,,2,,,,,00,,"Robin Ritz",,,,,,,,,,,,,,,50-EXTR03,,,,,,,,,,,,00,,,,,,cb5e367f-2429-e711-815d-e0071b6a50c1,,,,1,11636,,"Robin Ritz"
"Farley Manufacturing Inc.",,,,,,"(519) 821-5424",,,,"6 Kerr Crescent",,,Puslinch,ON,"N0B 2J0",CAN,,"PPD GRD",02,"Charles Crawford",,,,,,,,2,,,,,02,,"Charles Crawford",,,,,,,,,,,,,,,60-FARL01,,,,,,,,,,,,02,,,,,,9b66367f-2429-e711-815d-e0071b6a50c1,,,,1,13073,,"Charles Crawford"
"Farwest Transit",,,,,,"(250) 861-7872",,,,"1494 Hardy St",,,Kelowna,BC,"V1Y 8H2",CAN,,"PPA INTL",00,"House BayNets",,,,,,,,2,,,,,00,,"House BayNets",,,,,,,,,,,,,,,40-FARW01,,,,,,,,,,,,00,,,,,,9d53367f-2429-e711-815d-e0071b6a50c1,,,,1,18549,,"House BayNets"
"F&D Scene Changes",,,,,,"(403) 266-7597",,,,"28, 803 - 24th Ave SE",,,Calgary,AB,"T2G 1P5",CAN,,,00,"Robin Ritz",,,,,,,,2,,,,,00,,"Robin Ritz",,,,,,,,,,,,,,,50-F&DS01,,,,,,,,,,,,00,,,,,,3aeaa84c-2429-e711-815d-e0071b6a50c1,,,,1,12830,,"Robin Ritz"
"FedEx Trade Networks",,,,,,,,,,T10007C/U,"PO Box 10007, Postal Station A",,,ON,"M5W 2B1",CAN,,100000000,,,,,,,,,,3,,,,,,,,,,,,,,,,,,,,,,FEDE03,,,,,,,,,,,,,,,,,,edace0aa-2f29-e711-8112-e0071b6aa201,,,,1,10129,,
"Fillmore Construction",,,,,,,,,,"9114-34A Ave",,,Edmonton,AB,"T6E 5P4",CAN,,"PPA INTL",00,"House BayNets",,,,,,,,2,,,,,00,,"House BayNets",,,,,,,,,,,,,,,40-FILL01,,,,,,,,,,,,00,,,,,,5f52367f-2429-e711-815d-e0071b6a50c1,,,,1,11391,,"House BayNets"
"Finnerty Millwrighting LTD",,,,,,"(905) 940-1277",,,,"441 Esna Park Dr. Unit 5",,,Markham,ON,"L3R 1H7",CAN,,COLLECT,02,"Jerry O'Neill",,,,,,,,2,,,,,02,,"Jerry O'Neill",,,,,,,,,,,,,,,30-FINN01,,,,,,,,,,,,02,,,,,,e94c367f-2429-e711-815d-e0071b6a50c1,,,,1,11216,,"Jerry O'Neill"
"Finnie Hauling",,,,,,,,,,"2505 Country Hills Blvd NE",,,Calgary,AB,"T3N 1A6",CAN,,"PPA INTL",00,"House BayNets",,,,,,,,2,,,,,00,,"House BayNets",,,,,,,,,,,,,,,40-FINN01,,,,,,,,,,,,00,,,,,,c6faa84c-2429-e711-815d-e0071b6a50c1,,,,1,11393,,"House BayNets"
"Fireball Equipment Ltd",,,,,,"(780) 944-4898",,,,"17509 109A Ave",,,Edmonton,AB,"T5S 2W4",CAN,,COLLECT,51,"Joe Menhart",,,,,,,,2,,,,,51,,"Joe Menhart",,,,,,,,,,,,,,,40-FIRE01,,,,,,,,,,,,51,,,,,,b553367f-2429-e711-815d-e0071b6a50c1,,,,1,18550,,"Joe Menhart"
"First Canada ULC",,,,,,"(250) 542-4493",,,,"4210-24th Ave",,,Vernon,BC,"V1T 1M2",CAN,,"PPA INTL",00,"House BayNets",,,,,,,,2,,,,,00,,"House BayNets",,,,,,,,,,,,,,,40-FIRS17,,,,,,,,,,,,00,,,,,,72e9a84c-2429-e711-815d-e0071b6a50c1,,,,1,12586,,"House BayNets"
"F.K. Machinery Limited",,,,,,"(705) 721-9714",,,,"475 Welham Rd",,,Barrie,ON,"L4N 8Z6",CAN,,"PPA INTL",00,"Brian Stevenson",,,,,,,,2,,,,,00,,"Brian Stevenson",,,,,,,,,,,,,,,30-FKMA01,,,,,,,,,,,,00,,,,,,a749367f-2429-e711-815d-e0071b6a50c1,,,,1,17114,,"Brian Stevenson"
"Ford Motor Company",,,,,,,,,,"Hwy 4 South","PO Box 2005",,"St Thomas",ON,"N5P 3W1",CAN,,"PPA INTL",00,"House BayNets",,,,,,,,2,,,,,00,,"House BayNets",,,,,,,,,,,,,,,40-FORD01,,,,,,,,,,,,00,,,,,,635c367f-2429-e711-815d-e0071b6a50c1,,,,1,14948,,"House BayNets"
"Ford Motor Co. Oakville",,,,,,,,,,"Assembly Complex General Store","The Canadian Road","Atn: Gord Smart",Oakville,ON,"L6J 5C9",CAN,,"PPA INTL",00,"House BayNets",,,,,,,,2,,,,,00,,"House BayNets",,,,,,,,,,,,,,,40-FORD03,,,,,,,,,,,,00,,,,,,30e7a84c-2429-e711-815d-e0071b6a50c1,,,,1,13790,,"House BayNets"
"Formula Powell LP",,,,,,"(780) 712-6173",,,,"Box 7616",,,Edson,AB,"T7E 1V7",CAN,,"PPA INTL",00,"House BayNets",,,,,,,,2,,,,,00,,"House BayNets",,,,,,,,,,,,,,,40-FORM01,,,,,,,,,,,,00,,,,,,f353367f-2429-e711-815d-e0071b6a50c1,,,,1,19717,,"House BayNets"
"Frazier Industrial Co., TLD",,,,,,"(908) 876-3615",,,,"163 N Murray St","T/A Fracan",,Trenton,ON,"K8V 6R7",CAN,,"PPD GRD",02,"Jerry O'Neill",,,,,,,,2,,,,,02,,"Jerry O'Neill",,,,,,,,,,,,,,,30-FRAZ04,,,,,,,,,,,,02,,,,,,bd49367f-2429-e711-815d-e0071b6a50c1,,,,1,17117,,"Jerry O'Neill"
"Gala Systems",,,,,,"(450) 678-4060",,,,"3185, Premiere rue",,,"St. Hubert",QC,"J3Y 8Y6",CAN,,COLLECT,02,"Joe Menhart",,,,,,,,2,,,,,02,,"Joe Menhart",,,,,,,,,,,,,,,15-GALA02,,,,,,,,,,,,02,,,,,,42ffa84c-2429-e711-815d-e0071b6a50c1,,,,1,18271,,"Joe Menhart"
"Garage Supply Contracting Inc",,,,,,"(705) 330-0332",,,,"PO Box 75",,,Orillia,ON,"L3V 6H9",CAN,,"PPA INTL",02,House,,,,,,,,2,,,,,02,,House,,,,,,,,,,,,,,,70-GARA01,,,,,,,,,,,,02,,,,,,ff6b367f-2429-e711-815d-e0071b6a50c1,,,,1,17910,,House
"Garage Supply Contracting Inc",,,,,,"(705) 330-0332",,,,"PO Box 75",,,Orillia,ON,"L3V 6H9",CAN,,"PPA INTL",02,"Joe Menhart",,,,,,,,2,,,,,02,,"Joe Menhart",,,,,,,,,,,,,,,40-GARA01,,,,,,,,,,,,02,,,,,,82efa84c-2429-e711-815d-e0071b6a50c1,,,,1,11404,,"Joe Menhart"
"Gardens for Living",,,,,,"(905) 627-9081",,,,"223 Park Street West",,,Dundas,ON,"L9H 1Y3",CAN,,COLLECT,00,"Robin Ritz",,,,,,,,2,,,,,00,,"Robin Ritz",,,,,,,,,,,,,,,50-GARD01,,,,,,,,,,,,00,,,,,,bafda84c-2429-e711-815d-e0071b6a50c1,,,,1,11650,,"Robin Ritz"
"Gata Industrial Services Inc.",,,,,,,,,,"PO Box 25056",,,Cambridge,ON,"N3C 4B6",CAN,,"PPA INTL",00,"House BayNets",,,,,,,,2,,,,,00,,"House BayNets",,,,,,,,,,,,,,,40-GATA01,,,,,,,,,,,,00,,,,,,84efa84c-2429-e711-815d-e0071b6a50c1,,,,1,11406,,"House BayNets"
"GATA Industrial Services Inc.",,,,,,"(519) 658-5731",,,,"PO Box 25056",,,Cambridge,ON,"N3C 4B6",CAN,,"PPA INTL",53,"Brian Hillery",,,,,,,,2,,,,,53,,"Brian Hillery",,,,,,,,,,,,,,,10-GATA01,,,,,,,,,,,,53,,,,,,5b54367f-2429-e711-815d-e0071b6a50c1,,,,1,11014,,"Brian Hillery"
"G&C Voisin Automotive Ltd",,,,,,,,,,"1295 Maryhill Rd",,,Maryhill,ON,"N0B 2B0",CAN,,"UPS PPA INTL",00,"Joe Menhart",,,,,,,,2,,,,,00,,"Joe Menhart",,,,,,,,,,,,,,,40-GCVA01,,,,,,,,,,,,00,,,,,,1554367f-2429-e711-815d-e0071b6a50c1,,,,1,17298,,"Joe Menhart"
GemSport,,,,,,,,,,"PO Box 57116",,,Longueuil,QC,"J4L 4T6",CAN,,"PPA INTL",00,"Charles Crawford",,,,,,,,2,,,,,00,,"Charles Crawford",,,,,,,,,,,,,,,60-GEMS01,,,,,,,,,,,,00,,,,,,574a367f-2429-e711-815d-e0071b6a50c1,,,,1,11848,,"Charles Crawford"
"Genaire Limited",,,,,,"(905) 684-2412",,,,"468 Niagara Stone Rd. RR4",,,"Niagara on the Lake",ON,"L0S 1J0",CAN,,"PPA INTL",00,"Brian Hillery",,,,,,,,2,,,,,00,,"Brian Hillery",,,,,,,,,,,,,,,10-GENA01,,,,,,,,,,,,00,,,,,,82eca84c-2429-e711-815d-e0071b6a50c1,,,,1,12202,,"Brian Hillery"
"General Motors of Canada",,,,,,,,,,"Product Engineering Cisco14027","H.Q.AdminBldg 1908 Colonel Sam",,Oshawa,ON,"L1H 8P7",CAN,,"PPA INTL",00,"Brian Stevenson",,,,,,,,2,,,,,00,,"Brian Stevenson",,,,,,,,,,,,,,,30-GENE08,,,,,,,,,,,,00,,,,,,bb58367f-2429-e711-815d-e0071b6a50c1,,,,1,19575,,"Brian Stevenson"
"Genstar Signs & Installations",,,,,,,,,,"420 Passmore Ave.",,,Toronto,ON,"M1V 5B1",CAN,,"PPD GRD",00,"Brian Hillery",,,,,,,,2,,,,,00,,"Brian Hillery",,,,,,,,,,,,,,,10-GENS02,,,,,,,,,,,,00,,,,,,c348367f-2429-e711-815d-e0071b6a50c1,,,,1,11016,,"Brian Hillery"
"GE Water Technologies",,,,,,,,,,"18 Royal Rd",,,Guelph,ON,"N1H 1G2",CAN,,"PPA INTL",00,"Brian Hillery",,,,,,,,2,,,,,00,,"Brian Hillery",,,,,,,,,,,,,,,10-GEWA01,,,,,,,,,,,,00,,,,,,1400a94c-2429-e711-815d-e0071b6a50c1,,,,1,16912,,"Brian Hillery"
Gintec,,,,,,"(519) 443-8120",,,,"Mark Lucas","RR #1",,"Windham Centre",ON,"N0E 2A0",CAN,,"PPA INTL",00,"Robin Ritz",,,,,,,,2,,,,,00,,"Robin Ritz",,,,,,,,,,,,,,,50-GINT01,,,,,,,,,,,,00,,,,,,08e8a84c-2429-e711-815d-e0071b6a50c1,,,,1,15192,,"Robin Ritz"
"Glen Abbey Golf Academy",,,,,,"(905) 844-1135",,,,"1333 Dorval Dr.",,,Oakville,ON,"L6M 4G2",CAN,,"PPD GRD",00,"Charles Crawford",,,,,,,,2,,,,,00,,"Charles Crawford",,,,,,,,,,,,,,,60-GLEN01,,,,,,,,,,,,00,,,,,,e964367f-2429-e711-815d-e0071b6a50c1,,,,1,20176,,"Charles Crawford"
"Glenridge Equipment Corp.",,,,,,"(519) 743-3049",,,,"110 Frosbisher Dr., Unit 4",,,Waterloo,ON,"N2V 2G7",CAN,,"PPA INTL",00,"Brian Stevenson",,,,,,,,2,,,,,00,,"Brian Stevenson",,,,,,,,,,,,,,,30-GLEN03,,,,,,,,,,,,00,,,,,,c6f3a84c-2429-e711-815d-e0071b6a50c1,,,,1,13614,,"Brian Stevenson"
"Graham Construction",,,,,,"(604) 535-8387",,,,"220 Highway 99",,,Surrey,BC,"V3S 9N7",CAN,,"PPA INTL",00,"House BayNets",,,,,,,,2,,,,,00,,"House BayNets",,,,,,,,,,,,,,,40-GRAH01,,,,,,,,,,,,00,,,,,,50f4a84c-2429-e711-815d-e0071b6a50c1,,,,1,13799,,"House BayNets"
"Graham Construction & Engineer",,,,,,"(403) 236-6575",,,,"8404 McIntyre Rd.",,,Edmonton,AB,"T6E 6V3",CAN,,"PPA INTL",00,"Brian Hillery",,,,,,,,2,,,,,00,,"Brian Hillery",,,,,,,,,,,,,,,10-GRAH02,,,,,,,,,,,,00,,,,,,76f9a84c-2429-e711-815d-e0071b6a50c1,,,,1,12206,,"Brian Hillery"
"Graham's Welding Ltd",,,,,,"(250) 833-4879",,,,"2590 30th St NE",,,"Salmon Arm",BC,"V1E 3G6",CAN,,"PPD GRD",00,"Brian Stevenson",,,,,,,,2,,,,,00,,"Brian Stevenson",,,,,,,,,,,,,,,30-GRAH02,,,,,,,,,,,,00,,,,,,ed49367f-2429-e711-815d-e0071b6a50c1,,,,1,15955,,"Brian Stevenson"
"Granby Zoo",,,,,,"(450) 372-3610",,,,"525 rue Saint-Hubert",,,Granby,QC,"J2G 5P3",CAN,,"PPA INTL",02,"Robin Ritz",,,,,,,,2,,,,,02,,"Robin Ritz",,,,,,,,,,,,,,,50-GRAN04,,,,,,,,,,,,02,,,,,,335d367f-2429-e711-815d-e0071b6a50c1,,,,1,19964,,"Robin Ritz"
"Gravisys Inc",,,,,,"(780) 410-9925",,,,"155 Athabascan Ave",,,"Sherwood Park",AB,"T8A 4C8",CAN,,"PPA INTL",02,"Joe Menhart",,,,,,,,2,,,,,02,,"Joe Menhart",,,,,,,,,,,,,,,15-GRAV03,,,,,,,,,,,,02,,,,,,fb56367f-2429-e711-815d-e0071b6a50c1,,,,1,12326,,"Joe Menhart"
"Great Canadian Oil Change",,,,,,,,,,"4 McLeod Ave",,,"Spruce Grove",AB,"T7X 4B8",CAN,,"PPA INTL",00,"Joe Menhart",,,,,,,,2,,,,,00,,"Joe Menhart",,,,,,,,,,,,,,,40-GREA15,,,,,,,,,,,,00,,,,,,4354367f-2429-e711-815d-e0071b6a50c1,,,,1,19724,,"Joe Menhart"
"Great Canadian Oil Change",,,,,,"(306) 934-7636",,,,"802 Circle Drive East",,,Saskatoon,SK,"S7K 3T8",CAN,,"PPA INTL",00,"House BayNets",,,,,,,,2,,,,,00,,"House BayNets",,,,,,,,,,,,,,,40-GREA09,,,,,,,,,,,,00,,,,,,4d62367f-2429-e711-815d-e0071b6a50c1,,,,1,18566,,"House BayNets"
"Greg Firth",,,,,,,,,,"21458 24th Ave",,,Langley,BC,"V2Z 2A8",CAN,,"PPD GRD",00,"Robin Ritz",,,,,,,,2,,,,,00,,"Robin Ritz",,,,,,,,,,,,,,,50-GREG01,,,,,,,,,,,,00,,,,,,c947367f-2429-e711-815d-e0071b6a50c1,,,,1,12857,,"Robin Ritz"
"H20 Adventure + Fitness Centre",,,,,,,,,,"YMCA of Okanagan","4075 Gordon Drive",,Kelowna,BC,"V1W 5J2",CAN,,"PPD GRD",00,"Nikki Spirito",,,,,,,,2,,,,,00,,"Nikki Spirito",,,,,,,,,,,,,,,70-H20A01,,,,,,,,,,,,00,,,,,,74eaa84c-2429-e711-815d-e0071b6a50c1,,,,1,11997,,"Nikki Spirito"
"Hangman Productions",,,,,,"(604) 738-5791",,,,"12 East 4th Avenue",,,Vancouver,BC,"V5T 1E8",CAN,,"PPD GRD",00,"Brian Hillery",,,,,,,,2,,,,,00,,"Brian Hillery",,,,,,,,,,,,,,,10-HANG01,,,,,,,,,,,,00,,,,,,f6f5a84c-2429-e711-815d-e0071b6a50c1,,,,1,15736,,"Brian Hillery"
"Harris Rebar - Calgary",,,,,,"(403) 273-0841",,,,"3208 - 52nd St. SE",,,Calgary,AB,"T2B 1N2",CAN,,"PPA INTL",02,"Brian Hillery",,,,,,,,2,,,,,02,,"Brian Hillery",,,,,,,,,,,,,,,10-HARR12,,,,,,,,,,,,02,,,,,,f14e367f-2429-e711-815d-e0071b6a50c1,,,,1,12212,,"Brian Hillery"
"HayBoss Feeders",,,,,,,,,,"Box55 Site 13 RR1",,,Legal,AB,"T0G 1L0",CAN,,"PPA INTL",00,"Jen Gowac",,,,,,,,2,,,,,00,,"Jen Gowac",,,,,,,,,,,,,,,70-HAYB01,,,,,,,,,,,,00,,,,,,4f6c367f-2429-e711-815d-e0071b6a50c1,,,,1,17924,,"Jen Gowac"
"Hazmasters Inc.",,,,,,"(905) 427-9901",,,,"651 Harwood Ave. North","Unit 4",,Ajax,ON,"L1Z 0K4",CAN,,"PPA INTL",02,"Brian Hillery",,,,,,,,2,,,,,02,,"Brian Hillery",,,,,,,,,,,,,,,10-HAZM01,,,,,,,,,,,,02,,,,,,5cf6a84c-2429-e711-815d-e0071b6a50c1,,,,1,15739,,"Brian Hillery"
"Hazmasters Inc.",,,,,,,,,,"651 Harwood Ave. N., Unit 4",,,Ajax,ON,"L1Z 0K4",CAN,,"UPS PPD GRD",02,"House BayNets",,,,,,,,2,,,,,02,,"House BayNets",,,,,,,,,,,,,,,40-HAZM01,,,,,,,,,,,,02,,,,,,e566367f-2429-e711-815d-e0071b6a50c1,,,,1,19728,,"House BayNets"
"HBH Business Solutions Inc.",,,,,,,,,,"30 Bateman Mill Rd",,,"Shediac Cape",NB,"E4P 2Z2",CAN,,COLLECT,00,House,,,,,,,,2,,,,,00,,House,,,,,,,,,,,,,,,70-HBHB01,,,,,,,,,,,,00,,,,,,8ceaa84c-2429-e711-815d-e0071b6a50c1,,,,1,12001,,House
"Heavy Industries",,,,,,,,,,"9192 52nd Street SE",,,Calgary,AB,"T2C 5A9",CAN,,"PPD GRD",02,"Robin Ritz",,,,,,,,2,,,,,02,,"Robin Ritz",,,,,,,,,,,,,,,50-HEAV02,,,,,,,,,,,,02,,,,,,0cffa84c-2429-e711-815d-e0071b6a50c1,,,,1,15202,,"Robin Ritz"
"Heavy Industries Theming Corp.",,,,,,"(403) 252-6682",,,,"9192 52nd Street SE",,,,AL,"T2C 5A9",CAN,,100000000,,,,,,,,,,3,,,,,,,,,,,,,,,,,,,,,,HEAV01,,,,,,,,,,,,,,,,,,03b2e0aa-2f29-e711-8112-e0071b6aa201,,,,1,10757,,
"High Adventure Technology",,,,,,,,,,"400 Element St.",,,Trois-Rivieres,QC,"G8W 1J9",CAN,,"PPA INTL",00,"Robin Ritz",,,,,,,,2,,,,,00,,"Robin Ritz",,,,,,,,,,,,,,,70-HIGH05,,,,,,,,,,,,00,,,,,,af63367f-2429-e711-815d-e0071b6a50c1,,,,1,15530,,"Robin Ritz"
"Highland Pines",,,,,,,,,,"6634 5th Line Belwood",,,Belwood,ON,"N0B 1J0",CAN,,,00,"Jen Gowac",,,,,,,,2,,,,,00,,"Jen Gowac",,,,,,,,,,,,,,,70-HIGH01,,,,,,,,,,,,00,,,,,,5cefa84c-2429-e711-815d-e0071b6a50c1,,,,1,12004,,"Jen Gowac"
"Hillfield Strathallan College",,,,,,,,,,"299 Fennell Ave",,,"West Hamilton",ON,"L9C 1G3",CAN,,"PPA INTL",00,"Robin Ritz",,,,,,,,2,,,,,00,,"Robin Ritz",,,,,,,,,,,,,,,50-HILLF01,,,,,,,,,,,,00,,,,,,cf5d367f-2429-e711-815d-e0071b6a50c1,,,,1,17585,,"Robin Ritz"
"Hiway Steel Structure",,,,,,"(780) 928-3442",,,,"Box 618",,,"La Crete",AB,"T0H 2H0",CAN,,"UPS PPD GRD",00,"House BayNets",,,,,,,,2,,,,,00,,"House BayNets",,,,,,,,,,,,,,,40-HIWA01,,,,,,,,,,,,00,,,,,,8154367f-2429-e711-815d-e0071b6a50c1,,,,1,18575,,"House BayNets"
"Hollander Amusement",,,,,,"(416) 922-1085",,,,"514 Younge St",,,Toronto,ON,"M4Y 1X9",CAN,,"PPA INTL",00,"Robin Ritz",,,,,,,,2,,,,,00,,"Robin Ritz",,,,,,,,,,,,,,,50-HOLL03,,,,,,,,,,,,00,,,,,,2b5f367f-2429-e711-815d-e0071b6a50c1,,,,1,18821,,"Robin Ritz"
"Horizon Landscape Contractors",,,,,,"(604) 533-3633",,,,"4104 232 Street",,,Langley,BC,"V2Z 2K2",CAN,,,00,"Robin Ritz",,,,,,,,2,,,,,00,,"Robin Ritz",,,,,,,,,,,,,,,50-HORI05,,,,,,,,,,,,00,,,,,,8cefa84c-2429-e711-815d-e0071b6a50c1,,,,1,14084,,"Robin Ritz"
"Hudson Bay Mining & Smelting C",,,,,,"(204) 687-2760",,,,"PO Box 1500","#1 Company Rd.",,"Flin Flon",MB,"R8A 1N9",CAN,,"3RD PTY",00,"House BayNets",,,,,,,,2,,,,,00,,"House BayNets",,,,,,,,,,,,,,,40-HUDS01,,,,,,,,,,,,00,,,,,,895c367f-2429-e711-815d-e0071b6a50c1,,,,1,14967,,"House BayNets"
"IKEA Canada Ltd Partnership",,,,,,,,,,"1065 Plains Road East","Atn: Julia Fuller",,Burlington,ON,"L7T 4K1",CAN,,"PPA INTL",00,"Jerry O'Neill",,,,,,,,2,,,,,00,,"Jerry O'Neill",,,,,,,,,,,,,,,30-IKEA03,,,,,,,,,,,,00,,,,,,454a367f-2429-e711-815d-e0071b6a50c1,,,,1,15966,,"Jerry O'Neill"
"Imaging Calgary Inc.",,,,,,,,,,"234-5149 Country Hills Blvd.NW","Suite 462",,Calgary,AB,"T3A 5K8",CAN,,"PPD GRD",00,"Charles Crawford",,,,,,,,2,,,,,00,,"Charles Crawford",,,,,,,,,,,,,,,60-IMAG01,,,,,,,,,,,,00,,,,,,b5a5b046-2429-e711-815d-e0071b6a50c1,,,,1,13086,,"Charles Crawford"
"InCity Developments Limited",,,,,,613-274-7991,,,,"1457 Woodroffe Avenue",,,Ottawa,ON,"K2G 1W1",CAN,,"PPD GRD",00,"Joe Menhart",,,,,,,,2,,,,,00,,"Joe Menhart",,,,,,,,,,,,,,,40-INCI01,,,,,,,,,,,,00,,,,,,95a2b046-2429-e711-815d-e0071b6a50c1,,,,1,13818,,"Joe Menhart"
"Ingolf Goetz",,,,,,,,,,"14 Pooles Rd.",,,Midhurst,ON,"L0L 1X1",CAN,,"PPA INTL",02,"Robin Ritz",,,,,,,,2,,,,,02,,"Robin Ritz",,,,,,,,,,,,,,,50-INGO01,,,,,,,,,,,,02,,,,,,9950367f-2429-e711-815d-e0071b6a50c1,,,,1,12873,,"Robin Ritz"
Innocon,,,,,,"(905) 508-8690",,,,"50 Newkirk Road",,,"Richmond Hill",ON,"L4C 3G3",CAN,,"PPA INTL",00,"House BayNets",,,,,,,,2,,,,,00,,"House BayNets",,,,,,,,,,,,,,,40-INNO02,,,,,,,,,,,,00,,,,,,9154367f-2429-e711-815d-e0071b6a50c1,,,,1,19735,,"House BayNets"
"International Chimney",,,,,,,,,,"520 Coronation Dr., Unit #9",,,Scarborough,ON,"M1E 5C7",CAN,,"PPA INTL",00,"Brian Hillery",,,,,,,,2,,,,,00,,"Brian Hillery",,,,,,,,,,,,,,,10-INTE19,,,,,,,,,,,,00,,,,,,bd54367f-2429-e711-815d-e0071b6a50c1,,,,1,13439,,"Brian Hillery"
"International Play Company Inc",,,,,,"(604) 607-1132",,,,"215-27353 - 58th Crescent",,,Langley,BC,"V4W 3W7",CAN,,"PPA INTL",02,"Robin Ritz",,,,,,,,2,,,,,02,,"Robin Ritz",,,,,,,,,,,,,,,70-INTE06,,,,,,,,,,,,02,,,,,,796c367f-2429-e711-815d-e0071b6a50c1,,,,1,16693,,"Robin Ritz"
"ITC Construction Mngmt BC Inc",,,,,,,,,,"105-1500 Howe Street",,,Vancouver,BC,"V6Z 2N1",CAN,,"PPA INTL",00,"Joe Menhart",,,,,,,,2,,,,,00,,"Joe Menhart",,,,,,,,,,,,,,,15-ITCC01,,,,,,,,,,,,00,,,,,,0aeea84c-2429-e711-815d-e0071b6a50c1,,,,1,14708,,"Joe Menhart"
"Java Construction",,,,,,,,,,"#9 1100 7th Ave",,,Saskatoon,SK,"S7K 2V9",CAN,,"PPD GRD",00,"Jen Gowac",,,,,,,,2,,,,,00,,"Jen Gowac",,,,,,,,,,,,,,,70-JAVA01,,,,,,,,,,,,00,,,,,,976c367f-2429-e711-815d-e0071b6a50c1,,,,1,16696,,"Jen Gowac"
"JD Irving, Ltd.",,,,,,"(506) 632-4492",,,,"300 Union Street",,,"Saint John",NB,"E2L 4M3",CAN,,"PPA INTL",00,"Jen Gowac",,,,,,,,2,,,,,00,,"Jen Gowac",,,,,,,,,,,,,,,70-JDIR01,,,,,,,,,,,,00,,,,,,9d6c367f-2429-e711-815d-e0071b6a50c1,,,,1,19178,,"Jen Gowac"
"Jeffery Norman",,,,,,,,,,"6539 Clifford Ave RR1",,,Cornwall,ON,"K6H 7H9",CAN,,"PPA INTL",00,"Charles Crawford",,,,,,,,2,,,,,00,,"Charles Crawford",,,,,,,,,,,,,,,60-JEFF03,,,,,,,,,,,,00,,,,,,b961367f-2429-e711-815d-e0071b6a50c1,,,,1,13092,,"Charles Crawford"
"J.E. Verreault Ltee",,,,,,"(418) 529-9575",,,,"240 Chemin Sainte-Foy","C.P. 70048 Succ, Quebec-Centre",,Quebec,QC,"G2J 0A1",CAN,,"PPA INTL",00,"House BayNets",,,,,,,,2,,,,,00,,"House BayNets",,,,,,,,,,,,,,,40-VERR01,,,,,,,,,,,,00,,,,,,bf5d367f-2429-e711-815d-e0071b6a50c1,,,,1,12741,,"House BayNets"
"Jiffy Lube #1030",,,,,,"(780) 989-1704",,,,"140025-23 Ave","John Bennett",,Edmonton,AB,"T6R 3L6",CAN,,"PPA INTL",00,"Joe Menhart",,,,,,,,2,,,,,00,,"Joe Menhart",,,,,,,,,,,,,,,40-JIFF49,,,,,,,,,,,,00,,,,,,b9a2b046-2429-e711-815d-e0071b6a50c1,,,,1,12613,,"Joe Menhart"
"Jiffy Lube #1053",,,,,,,,,,"2524 Guardian Rd. NW",,,Edmonton,AB,"T5T 1K8",CAN,,"UPS PPD GRD",00,"House BayNets",,,,,,,,2,,,,,00,,"House BayNets",,,,,,,,,,,,,,,40-JIFF03,,,,,,,,,,,,00,,,,,,e4f3a84c-2429-e711-815d-e0071b6a50c1,,,,1,14974,,"House BayNets"
"Jiffy Lube Charlotte Pantry",,,,,,"(705) 745-9390",,,,"514 Brook St",,,Whitby,ON,"L1N 2M8",CAN,,"PPA INTL",00,"House BayNets",,,,,,,,2,,,,,00,,"House BayNets",,,,,,,,,,,,,,,40-JIFF39,,,,,,,,,,,,00,,,,,,17a6b046-2429-e711-815d-e0071b6a50c1,,,,1,13827,,"House BayNets"
"Jim Feilders",,,,,,,,,,"2268 Kerns Rd.",,,Burlington,ON,"L7P 1P8",CAN,,"PPA INTL",00,House,,,,,,,,2,,,,,00,,House,,,,,,,,,,,,,,,70-JIMF01,,,,,,,,,,,,00,,,,,,af6c367f-2429-e711-815d-e0071b6a50c1,,,,1,17934,,House
"Joanne Pinnery",,,,,,,,,,"7 Blue Ridge Place",,,Calgary,AB,"T3L 2N5",CAN,,"PPA INTL",00,"Robin Ritz",,,,,,,,2,,,,,00,,"Robin Ritz",,,,,,,,,,,,,,,50-JOAN05,,,,,,,,,,,,00,,,,,,bb63367f-2429-e711-815d-e0071b6a50c1,,,,1,14953,,"Robin Ritz"
"Joel Theatrical Rigging",,,,,,"(905) 890-7511",,,,"375 Watline Ave",,,Mississauga,ON,"L4Z 1P3",CAN,,COLLECT,02,"Joe Menhart",,,,,,,,2,,,,,02,,"Joe Menhart",,,,,,,,,,,,,,,15-JOEL01,,,,,,,,,,,,02,,,,,,ad67367f-2429-e711-815d-e0071b6a50c1,,,,1,18276,,"Joe Menhart"
"John Fleming",,,,,,,,,,"21 Christie St.",,,London,ON,"N6A 3Y7",CAN,,"PPA INTL",00,"Charles Crawford",,,,,,,,2,,,,,00,,"Charles Crawford",,,,,,,,,,,,,,,60-JOHN60,,,,,,,,,,,,00,,,,,,5160367f-2429-e711-815d-e0071b6a50c1,,,,1,15406,,"Charles Crawford"
"Johnson Controls AE",,,,,,"(519) 842-3443",,,,"100 Townline Rd",,,Tillsonburg,ON,"N4G 2R7",CAN,,"PPD GRD",00,"Brian Stevenson",,,,,,,,2,,,,,00,,"Brian Stevenson",,,,,,,,,,,,,,,30-JOHN06,,,,,,,,,,,,00,,,,,,b14a367f-2429-e711-815d-e0071b6a50c1,,,,1,18384,,"Brian Stevenson"
"Jolene Willoughby",,,,,,,,,,"55 Augusta Way","Grand Pines Golf Course","Box 128","Traverse Bay",MB,"R0E 2A0",CAN,,"PPA INTL",00,"Charles Crawford",,,,,,,,2,,,,,00,,"Charles Crawford",,,,,,,,,,,,,,,60-JOLE02,,,,,,,,,,,,00,,,,,,f3a5b046-2429-e711-815d-e0071b6a50c1,,,,1,11868,,"Charles Crawford"
"JT Swyers Co. Ltd.",,,,,,,,,,"11 Cape Shore Road",,,Bonavista,NL,"A0C 1B0",CAN,,"PPD GRD",00,"Nikki Spirito",,,,,,,,2,,,,,00,,"Nikki Spirito",,,,,,,,,,,,,,,70-JTSY01,,,,,,,,,,,,00,,,,,,e2eba84c-2429-e711-815d-e0071b6a50c1,,,,1,14412,,"Nikki Spirito"
"Jungle Hut",,,,,,,,,,"158 Dicenzo Dr",,,Hamilton,ON,"L9B 2K8",CAN,,"PPA INTL",00,"Robin Ritz",,,,,,,,2,,,,,00,,"Robin Ritz",,,,,,,,,,,,,,,50-JUNG05,,,,,,,,,,,,00,,,,,,5af7a84c-2429-e711-815d-e0071b6a50c1,,,,1,14100,,"Robin Ritz"
"Kan-Go-Roo Playgrounds",,,,,,"(506) 789-0987",,,,"23 Boom Lane, Unit E","Industrial Park",,Atholville,NB,"E3N 4E8",CAN,,"PPA INTL",00,"Robin Ritz",,,,,,,,2,,,,,00,,"Robin Ritz",,,,,,,,,,,,,,,50-KANG01,,,,,,,,,,,,00,,,,,,a0f9a84c-2429-e711-815d-e0071b6a50c1,,,,1,14101,,"Robin Ritz"
"Keith Yap",,,,,,,,,,"207-3330 Richter St",,,Kelowna,BC,"V1W 4V5",CAN,,"PPA INTL",00,House,,,,,,,,2,,,,,00,,House,,,,,,,,,,,,,,,70-KEIT02,,,,,,,,,,,,00,,,,,,fb63367f-2429-e711-815d-e0071b6a50c1,,,,1,13246,,House
"Kiewit Infrastructure Co",,,,,,"(604) 928-0643",,,,"3773 Still Creek Ave",,,Burnaby,BC,"V5C 4E2",CAN,,"PPA INTL",02,"Brian Hillery",,,,,,,,2,,,,,02,,"Brian Hillery",,,,,,,,,,,,,,,10-KIEW05,,,,,,,,,,,,02,,,,,,f354367f-2429-e711-815d-e0071b6a50c1,,,,1,15760,,"Brian Hillery"
"King Materials Handling London",,,,,,"(519) 663-0785",,,,"1464 Crumlin Rd",,,London,ON,"N5V 1S1",CAN,,"PPA INTL",02,"Brian Stevenson",,,,,,,,2,,,,,02,,"Brian Stevenson",,,,,,,,,,,,,,,30-KING01,,,,,,,,,,,,02,,,,,,3d59367f-2429-e711-815d-e0071b6a50c1,,,,1,19595,,"Brian Stevenson"
"Konstant Redirack",,,,,,"(905) 337-5701",,,,"1303 N Service Rd, Unit #3",,,Oakville,ON,"L6H 1A7",CAN,,"PPA INTL",02,"Brian Stevenson",,,,,,,,2,,,,,02,,"Brian Stevenson",,,,,,,,,,,,,,,30-KONS03,,,,,,,,,,,,02,,,,,,d54a367f-2429-e711-815d-e0071b6a50c1,,,,1,17148,,"Brian Stevenson"
"KSL Design",,,,,,"(519) 758-6565",,,,"18 Spalding Dr.","PO Box 25085",,Brantford,ON,"N3T 6K5",CAN,,"3RD PTY",02,"Jerry Rodman",,,,,,,,2,,,,,02,,"Jerry Rodman",,,,,,,,,,,,,,,50-KSLD01,,,,,,,,,,,,02,,,,,,c15e367f-2429-e711-815d-e0071b6a50c1,,,,1,17610,,"Jerry Rodman"
"Kustermans Farm",,,,,,,,,,"9014 Century Dr",,,"Mt. Brydges",ON,"N0L 1W0",CAN,,"PPD GRD",00,"Robin Ritz",,,,,,,,2,,,,,00,,"Robin Ritz",,,,,,,,,,,,,,,50-KUST01,,,,,,,,,,,,00,,,,,,c35e367f-2429-e711-815d-e0071b6a50c1,,,,1,16365,,"Robin Ritz"
"LaForge BioEnviromental Inc",,,,,,"(506) 473-7045",,,,"269 Ch. de L' Eglise",,,St-Andre,NB,"E3Y 2W4",CAN,,"PPA INTL",00,"Jen Gowac",,,,,,,,2,,,,,00,,"Jen Gowac",,,,,,,,,,,,,,,70-LAFO01,,,,,,,,,,,,00,,,,,,855d367f-2429-e711-815d-e0071b6a50c1,,,,1,12028,,"Jen Gowac"
"Lark Group",,,,,,,,,,"Suite 1500 13737 - 96th Avenue",,,Surrey,BC,"V3V 0C6",CAN,,"PPD GRD",01,"Joe Menhart",,,,,,,,2,,,,,01,,"Joe Menhart",,,,,,,,,,,,,,,40-LARK01,,,,,,,,,,,,01,,,,,,60f4a84c-2429-e711-815d-e0071b6a50c1,,,,1,11437,,"Joe Menhart"
"Lasalle Canvas & Ropes",,,,,,"(514) 366-5003",,,,"9001 Elmslie St",,,Lasalle,QC,"H8R 1V4",CAN,,"COLLECT INTL",02,"Charles Crawford",,,,,,,,2,,,,,02,,"Charles Crawford",,,,,,,,,,,,,,,60-LASA01,,,,,,,,,,,,02,,,,,,ad68367f-2429-e711-815d-e0071b6a50c1,,,,1,17801,,"Charles Crawford"
"Launch Pad - Canada",,,,,,,,,,"6142 - 50th St. NW",,,Edmonton,AB,"T6B 2N7",CAN,,"PPA INTL",00,"Charles Crawford",,,,,,,,2,,,,,00,,"Charles Crawford",,,,,,,,,,,,,,,60-LAUN04,,,,,,,,,,,,00,,,,,,dd68367f-2429-e711-815d-e0071b6a50c1,,,,1,16565,,"Charles Crawford"
"Launch Zone Trampoline Park",,,,,,,,,,"13535 156th St. NW",,,Edmonton,AB,"T5V 1R9",CAN,,"PPD GRD",00,"Charles Crawford",,,,,,,,2,,,,,00,,"Charles Crawford",,,,,,,,,,,,,,,60-LAUN05,,,,,,,,,,,,00,,,,,,df68367f-2429-e711-815d-e0071b6a50c1,,,,1,16566,,"Charles Crawford"
"Laurentian Athletics Ind.",,,,,,"(905) 791-0068",,,,"15 Melanie Dr",,,Brampton,ON,"L6T 4K8",CAN,,"PPA INTL",02,"Charles Crawford",,,,,,,,2,,,,,02,,"Charles Crawford",,,,,,,,,,,,,,,60-LAUR06,,,,,,,,,,,,02,,,,,,c166367f-2429-e711-815d-e0071b6a50c1,,,,1,15416,,"Charles Crawford"
"Len's Mobile Welding",,,,,,,,,,"28385 Elise Ave",,,Bradner,BC,"V4X 2P1",CAN,,"PPA INTL",00,"House BayNets",,,,,,,,2,,,,,00,,"House BayNets",,,,,,,,,,,,,,,40-LENS01,,,,,,,,,,,,00,,,,,,18eda84c-2429-e711-815d-e0071b6a50c1,,,,1,11439,,"House BayNets"
"Les Equipements JPB, Inc.",,,,,,"(514) 355-7900",,,,"5552 rue Louis-Dumouchel St.",,,Montreal,QC,"H1K 5G2",CAN,,"PPA INTL",00,House,,,,,,,,2,,,,,00,,House,,,,,,,,,,,,,,,70-EQUI01,,,,,,,,,,,,00,,,,,,bd6b367f-2429-e711-815d-e0071b6a50c1,,,,1,20294,,House
"Lexon Projects, Inc",,,,,,,,,,"2327-91 Ave",,,Edmonton,AB,"T6P 1L1",CAN,,"PPA INTL",00,"House BayNets",,,,,,,,2,,,,,00,,"House BayNets",,,,,,,,,,,,,,,40-LEXO01,,,,,,,,,,,,00,,,,,,feeda84c-2429-e711-815d-e0071b6a50c1,,,,1,12627,,"House BayNets"
"Liftsafe Fall Protection Inc",,,,,,"(519) 896-2085",,,,"409 Harmony Rd.",,,Ayr,ON,"N0B 1E0",CAN,,"3RD PTY",02,"Brian Hillery",,,,,,,,2,,,,,02,,"Brian Hillery",,,,,,,,,,,,,,,10-LIFT01,,,,,,,,,,,,02,,,,,,1155367f-2429-e711-815d-e0071b6a50c1,,,,1,18165,,"Brian Hillery"
"Lilac Resort, LTD",,,,,,"(204) 422-4091",,,,"PO Box 1105",,,"St Anne",MB,"R5H 1C1",CAN,,"PPD GRD",00,"Robin Ritz",,,,,,,,2,,,,,00,,"Robin Ritz",,,,,,,,,,,,,,,50-LILA01,,,,,,,,,,,,00,,,,,,1e00a94c-2429-e711-815d-e0071b6a50c1,,,,1,11699,,"Robin Ritz"
"Lineman's Testing Laboratories",,,,,,"(416) 748-0290",,,,"41 Rivalda Rd",,,Toronto,ON,"M9M 2M4",CAN,,"PPA INTL",00,House,,,,,,,,2,,,,,00,,House,,,,,,,,,,,,,,,70-LINE02,,,,,,,,,,,,00,,,,,,1564367f-2429-e711-815d-e0071b6a50c1,,,,1,13256,,House
"Little Munchkins Family Daycar",,,,,,,,,,"154 Main St N","Box 2113",,Minnedosa,MB,"R0J 1E0",CAN,,"PPD GRD",00,House,,,,,,,,2,,,,,00,,House,,,,,,,,,,,,,,,70-LITT06,,,,,,,,,,,,00,,,,,,3d846dac-2429-e711-815d-e0071b6a50c1,,,,1,17959,,House
"Little Peoples Workshop Ltd",,,,,,,,,,"25 Mundy Pond Rd",,,"St. Johns",NL,"A1E 5C3",CAN,,"PPD GRD",00,"Robin Ritz",,,,,,,,2,,,,,00,,"Robin Ritz",,,,,,,,,,,,,,,50-LITT07,,,,,,,,,,,,00,,,,,,fb5e367f-2429-e711-815d-e0071b6a50c1,,,,1,20004,,"Robin Ritz"
"Lube Town",,,,,,,,,,"814 Martindale Blvd NE",,,Calgary,AB,"T3J 4J8",CAN,,"PPD GRD",00,"House BayNets",,,,,,,,2,,,,,00,,"House BayNets",,,,,,,,,,,,,,,40-LUBE01,,,,,,,,,,,,00,,,,,,08ffa84c-2429-e711-815d-e0071b6a50c1,,,,1,13840,,"House BayNets"
"Lubrication Station",,,,,,,,,,"111A Wheeler St",,,Saskatoon,SK,"S7P 0A4",CAN,,"UPS PPD GRD",00,"Joe Menhart",,,,,,,,2,,,,,00,,"Joe Menhart",,,,,,,,,,,,,,,40-LUBR05,,,,,,,,,,,,00,,,,,,90f4a84c-2429-e711-815d-e0071b6a50c1,,,,1,14989,,"Joe Menhart"
"Mainroad Lower Mainland",,,,,,"(604) 581-3712",,,,"Contracting LTD","8100 Nordel Way",,Delta,BC,"V4G 8A9",CAN,,"PPA INTL",02,"Brian Hillery",,,,,,,,2,,,,,02,,"Brian Hillery",,,,,,,,,,,,,,,10-MAIN01,,,,,,,,,,,,02,,,,,,2d55367f-2429-e711-815d-e0071b6a50c1,,,,1,18175,,"Brian Hillery"
"Maple Lodge Farms Ltd",,,,,,"(905) 450-4129",,,,"8301 Winston Churchill Blvd.",,,Brampton,ON,"L6Y 0A2",CAN,,"PPA INTL",00,"Jen Gowac",,,,,,,,2,,,,,00,,"Jen Gowac",,,,,,,,,,,,,,,70-MAPL01,,,,,,,,,,,,00,,,,,,57846dac-2429-e711-815d-e0071b6a50c1,,,,1,20349,,"Jen Gowac"
"MARIANI METAL FABRICATORS LTD.",,,,,,,,,,"263 Carrier Dr.",,,Etobicoke,ON,"M9W 5Y8",CAN,,,00,"Jen Gowac",,,,,,,,2,,,,,00,,"Jen Gowac",,,,,,,,,,,,,,,50-MARI01,,,,,,,,,,,,00,,,,,,d6f7f195-4821-e711-810e-e0071b6ac0b1,,,,1,18854,,"Jen Gowac"
"Mark Fossay",,,,,,,,,,"Box 291",,,Starbuck,MB,"R0G 2P0",CAN,,"PPA INTL",00,"Brian Hillery",,,,,,,,2,,,,,00,,"Brian Hillery",,,,,,,,,,,,,,,10-MARK04,,,,,,,,,,,,00,,,,,,495d367f-2429-e711-815d-e0071b6a50c1,,,,1,12253,,"Brian Hillery"
"Mark Lucas",,,,,,,,,,RR#1,,,"Windham Centre",ON,"NOE 2AO",CAN,,"PPA INTL",00,House,,,,,,,,2,,,,,00,,House,,,,,,,,,,,,,,,70-MARK01,,,,,,,,,,,,00,,,,,,5f846dac-2429-e711-815d-e0071b6a50c1,,,,1,16724,,House
"Mark Pichora",,,,,,,,,,"3248 Leon-Brisebois",,,L'Ile-Bizard,QC,"H9C 1T6",CAN,,"PPA INTL",00,"Robin Ritz",,,,,,,,2,,,,,00,,"Robin Ritz",,,,,,,,,,,,,,,50-MARK06,,,,,,,,,,,,00,,,,,,5c00a94c-2429-e711-815d-e0071b6a50c1,,,,1,11704,,"Robin Ritz"
"Marlin Contracting LTD.",,,,,,"(780) 849-2995",,,,"PO Box 2117",,,"Slave Lake",AB,"T0G 2A0",CAN,,"PPA INTL",00,"House BayNets",,,,,,,,2,,,,,00,,"House BayNets",,,,,,,,,,,,,,,40-MARL01,,,,,,,,,,,,00,,,,,,b8e6a84c-2429-e711-815d-e0071b6a50c1,,,,1,12639,,"House BayNets"
"Maryland Farms Biogas Ltd.",,,,,,,,,,"22 Settlers Rd","RR #1",,Reaboro,ON,"K0L 2X0",CAN,,"PPA INTL",00,"Jen Gowac",,,,,,,,2,,,,,00,,"Jen Gowac",,,,,,,,,,,,,,,70-MARY01,,,,,,,,,,,,00,,,,,,79846dac-2429-e711-815d-e0071b6a50c1,,,,1,16728,,"Jen Gowac"
"Master Pools Alta Ltd.",,,,,,"(780) 462-2664",,,,"9319 35th Ave NW",,,Edmonton,AB,"T6E 5R5",CAN,,"PPA INTL",00,"Robin Ritz",,,,,,,,2,,,,,00,,"Robin Ritz",,,,,,,,,,,,,,,50-MAST05,,,,,,,,,,,,00,,,,,,395f367f-2429-e711-815d-e0071b6a50c1,,,,1,16382,,"Robin Ritz"
"Material Handling Sys Canada",,,,,,,,,,"675 Progress Ave",,,Toronto,ON,"M1H 2W9",CAN,,"PPA INTL",00,"Brian Stevenson",,,,,,,,2,,,,,00,,"Brian Stevenson",,,,,,,,,,,,,,,30-MATE05,,,,,,,,,,,,00,,,,,,1d4b367f-2429-e711-815d-e0071b6a50c1,,,,1,17158,,"Brian Stevenson"
"McFadzen Holdings Limited",,,,,,"(506) 450-1232",,,,"31 Kingswood Park",,,Fredericton,NB,"E3C 2L4",CAN,,"PPA INTL",00,House,,,,,,,,2,,,,,00,,House,,,,,,,,,,,,,,,70-MCFA01,,,,,,,,,,,,00,,,,,,8b846dac-2429-e711-815d-e0071b6a50c1,,,,1,17967,,House
"McRae Tank Service",,,,,,"(604) 856-0763",,,,"PO Box 78",,,Aldergrove,BC,"V4W 2T7",CAN,,"PPA INTL",00,"House BayNets",,,,,,,,2,,,,,00,,"House BayNets",,,,,,,,,,,,,,,40-MCRA01,,,,,,,,,,,,00,,,,,,6755367f-2429-e711-815d-e0071b6a50c1,,,,1,18601,,"House BayNets"
"Medallion Athletic Corp. - CAN",,,,,,704-660-3001,,,,"22700 Hyde Park Road",,,Ilderton,ON,"N0M 2A0",CAN,,"3RD PTY",02,"Charles Crawford",,,,,,,,2,,,,,02,,"Charles Crawford",,,,,,,,,,,,,,,60-MEDA02,,,,,,,,,,,,02,,,,,,e768367f-2429-e711-815d-e0071b6a50c1,,,,1,17806,,"Charles Crawford"
"Megatex Inc.",,,,,,"(418) 651-6755",,,,"2800, rue Dalton","Suite 1",,"Sainte- Foy",QC,"G1P 3S4",CAN,,"PPA INTL",02,"Brian Hillery",,,,,,,,2,,,,,02,,"Brian Hillery",,,,,,,,,,,,,,,10-MEGA02,,,,,,,,,,,,02,,,,,,eb4e367f-2429-e711-815d-e0071b6a50c1,,,,1,11048,,"Brian Hillery"
"Metal Art Studio",,,,,,,,,,"125 The Queens Way","Bldg 2 Suite 102",,Toronto,ON,"M8Y 1H6",CAN,,"PPD GRD",00,"Nikki Spirito",,,,,,,,2,,,,,00,,"Nikki Spirito",,,,,,,,,,,,,,,70-META02,,,,,,,,,,,,00,,,,,,97846dac-2429-e711-815d-e0071b6a50c1,,,,1,16732,,"Nikki Spirito"
"Michael Gaasenbeek",,,,,,"(519) 342-7605",,,,"700 Brookmill Place",,,Waterloo,ON,"N2V 2L9",CAN,,"PPA INTL",00,House,,,,,,,,2,,,,,00,,House,,,,,,,,,,,,,,,70-MICH23,,,,,,,,,,,,00,,,,,,a7846dac-2429-e711-815d-e0071b6a50c1,,,,1,19210,,House
"Mike Vallance",,,,,,,,,,"#1-928 Empress Ave",,,Victoria,BC,"V8T 1N9",CAN,,"PPD GRD",00,House,,,,,,,,2,,,,,00,,House,,,,,,,,,,,,,,,70-MIKE17,,,,,,,,,,,,00,,,,,,b5846dac-2429-e711-815d-e0071b6a50c1,,,,1,16736,,House
"Mirvish Productions",,,,,,,,,,"284 King St West Suite 400","Nathan Giles 416-593-0351",,Toronto,ON,"M5V 1J2",CAN,,"PPD GRD",51,"Joe Menhart",,,,,,,,2,,,,,51,,"Joe Menhart",,,,,,,,,,,,,,,15-MIRV01,,,,,,,,,,,,51,,,,,,55a1b046-2429-e711-815d-e0071b6a50c1,,,,1,14709,,"Joe Menhart"
"Modern Landfill Inc.",,,,,,,,,,"2025 Fruitbelt Parkway",,,"Niagra Falls",ON,"L2E 6S4",CAN,,"PPA INTL",00,"House BayNets",,,,,,,,2,,,,,00,,"House BayNets",,,,,,,,,,,,,,,40-MODE02,,,,,,,,,,,,00,,,,,,bcf2a84c-2429-e711-815d-e0071b6a50c1,,,,1,12648,,"House BayNets"
"Mohawk Shared Services",,,,,,,,,,"60 Chedmac Dr.",,,Hamilton,ON,"L9C 7R6",CAN,,"PPA INTL",00,"Brian Hillery",,,,,,,,2,,,,,00,,"Brian Hillery",,,,,,,,,,,,,,,10-MOHA01,,,,,,,,,,,,00,,,,,,6f55367f-2429-e711-815d-e0071b6a50c1,,,,1,16957,,"Brian Hillery"
"Motor Coach Industries",,,,,,,,,,"1475 Clarence Avenue",,,Winnepeg,MB,"R3T 1T5",CAN,,"UPS PPD GRD",00,"House BayNets",,,,,,,,2,,,,,00,,"House BayNets",,,,,,,,,,,,,,,40-MOTO02,,,,,,,,,,,,00,,,,,,9955367f-2429-e711-815d-e0071b6a50c1,,,,1,16163,,"House BayNets"
"Mr. Lube #85",,,,,,,,,,"901A Kingsway Ave S.E.",,,"Medicine Hat",AB,"T1A 2X6",CAN,,"PPA INTL",00,"House BayNets",,,,,,,,2,,,,,00,,"House BayNets",,,,,,,,,,,,,,,40-MRLU01,,,,,,,,,,,,00,,,,,,ef5c367f-2429-e711-815d-e0071b6a50c1,,,,1,15002,,"House BayNets"
"Mr Lube Nanaimo",,,,,,"(250) 741-1787",,,,"10 Terminal Ave South",,,Nanaimo,BC,"V9R 5C3",CAN,,"PPA INTL",00,"House BayNets",,,,,,,,2,,,,,00,,"House BayNets",,,,,,,,,,,,,,,40-MRLU02,,,,,,,,,,,,00,,,,,,f15c367f-2429-e711-815d-e0071b6a50c1,,,,1,17342,,"House BayNets"
"National Ballet of Canada",,,,,,"(416) 757-6156",,,,"470 Queens Quay West",,,Toronto,ON,"M5V 3K4",CAN,,"PPA INTL",00,"Joe Menhart",,,,,,,,2,,,,,00,,"Joe Menhart",,,,,,,,,,,,,,,15-NATI17,,,,,,,,,,,,00,,,,,,caf3a84c-2429-e711-815d-e0071b6a50c1,,,,1,11146,,"Joe Menhart"
"Natural Resources Of Canada",,,,,,"(450) 652-5918",,,,"1616 Lionel-Boulet",C.P.4000,,Varennes,QC,"J3X 1S6",CAN,,"PPD GRD",00,"Jen Gowac",,,,,,,,2,,,,,00,,"Jen Gowac",,,,,,,,,,,,,,,70-NATU05,,,,,,,,,,,,00,,,,,,ff4f367f-2429-e711-815d-e0071b6a50c1,,,,1,14436,,"Jen Gowac"
"NCL Industrial Supply",,,,,,,,,,"234 Crawford St","PO Box 7235",,"S. Porkupine",ON,"P0N 1K0",CAN,,"UPS RED AT",00,"Brian Hillery",,,,,,,,2,,,,,00,,"Brian Hillery",,,,,,,,,,,,,,,10-NCLI01,,,,,,,,,,,,00,,,,,,4800a94c-2429-e711-815d-e0071b6a50c1,,,,1,11053,,"Brian Hillery"
"New Company 36",1231231234,,a@a.com,,,,,,,Main,,,City,ST,12345,CAN,,COLLECT,,,,,,,,,,2,,,,,34,,"Joe Menhart",,,,,,,,,,,,,,,00-12345,,,,,,,,,,,,,,,,,,b033411f-dd14-59fc-8f93-0be90c702938,,,5,1,20469,MTS,"Joe Menhart"
"New Holland Saskatoon",,,,,,"(306) 343-3770",,,,"1000 71st East",,,Saskatoon,SK,"S7K 3S5",CAN,,"PPA INTL",00,House,,,,,,,,2,,,,,00,,House,,,,,,,,,,,,,,,70-NEWH01,,,,,,,,,,,,00,,,,,,03856dac-2429-e711-815d-e0071b6a50c1,,,,1,17980,,House
"NGF Canada",,,,,,,,,,"255 York Rd.",,,Guelph,ON,"N1E 3G4",CAN,,"PPA INTL",00,"Brian Stevenson",,,,,,,,2,,,,,00,,"Brian Stevenson",,,,,,,,,,,,,,,30-NGFC01,,,,,,,,,,,,00,,,,,,e559367f-2429-e711-815d-e0071b6a50c1,,,,1,11265,,"Brian Stevenson"
"North American Midway Ent",,,,,,"(888) 609-6009",,,,"17 Corporate Place","Unit C",,Brantford,ON,"N3R 8A6",CAN,,"PPA INTL",00,"Robin Ritz",,,,,,,,2,,,,,00,,"Robin Ritz",,,,,,,,,,,,,,,70-NORT04,,,,,,,,,,,,00,,,,,,6764367f-2429-e711-815d-e0071b6a50c1,,,,1,13281,,"Robin Ritz"
"North American Steel Equipment",,,,,,"(905) 668-5477",,,,"300 Hopkins St",,,Whitby,ON,"L1N 2B9",CAN,,"PPA INTL",00,"Jerry O'Neill",,,,,,,,2,,,,,00,,"Jerry O'Neill",,,,,,,,,,,,,,,30-NORT15,,,,,,,,,,,,00,,,,,,a54c367f-2429-e711-815d-e0071b6a50c1,,,,1,16002,,"Jerry O'Neill"
"Northern Safety",,,,,,"(705) 726-1165",,,,"417 Huronia Rd",,,Barrie,ON,"L4N 9B3",CAN,,"PPA INTL",00,"House BayNets",,,,,,,,2,,,,,00,,"House BayNets",,,,,,,,,,,,,,,40-NORT06,,,,,,,,,,,,00,,,,,,db55367f-2429-e711-815d-e0071b6a50c1,,,,1,17347,,"House BayNets"
"Northern Timberhouse",,,,,,,,,,"PO Box 71",,,Minden,ON,"K0M 2K0",CAN,,"PPA INTL",00,"Robin Ritz",,,,,,,,2,,,,,00,,"Robin Ritz",,,,,,,,,,,,,,,50-NORT11,,,,,,,,,,,,00,,,,,,92f4a84c-2429-e711-815d-e0071b6a50c1,,,,1,11715,,"Robin Ritz"
"Oil Changers Inc",,,,,,"(613) 225-0704",,,,13-2285A,"St. Laurent Blvd",,Ottawa,ON,"K1G 4Z4",CAN,,"COLLECT UPS",00,"Joe Menhart",,,,,,,,2,,,,,00,,"Joe Menhart",,,,,,,,,,,,,,,40-OILC04,,,,,,,,,,,,00,,,,,,f2f6a84c-2429-e711-815d-e0071b6a50c1,,,,1,13861,,"Joe Menhart"
"Oilcheck Investments Inc",,,,,,"(250) 475-1810",,,,"3436 Saanich Rd",,,Victoria,BC,"V8X 1W7",CAN,,"PPA INTL",00,"House BayNets",,,,,,,,2,,,,,00,,"House BayNets",,,,,,,,,,,,,,,40-OILC01,,,,,,,,,,,,00,,,,,,a54a367f-2429-e711-815d-e0071b6a50c1,,,,1,12658,,"House BayNets"
"Oleg Besedin",,,,,,,,,,"201 Station Blvd.","Unit 9",,Ottawa,ON,"K1G 6N9",CAN,,"PPA INTL",00,"Robin Ritz",,,,,,,,2,,,,,00,,"Robin Ritz",,,,,,,,,,,,,,,70-OLEG01,,,,,,,,,,,,00,,,,,,35856dac-2429-e711-815d-e0071b6a50c1,,,,1,16763,,"Robin Ritz"
"Ontario Limited o/s Jiffy Lube",,,,,,"(519) 681-5658",,,,"500 Oxford St W",,,London,ON,"N6H 1T5",CAN,,"PPA INTL",00,"House BayNets",,,,,,,,2,,,,,00,,"House BayNets",,,,,,,,,,,,,,,40-ONTA01,,,,,,,,,,,,00,,,,,,0956367f-2429-e711-815d-e0071b6a50c1,,,,1,16173,,"House BayNets"
"Ontario Power Generation",,,,,,"(905) 697-7302",,,,"Holt Rd",,,Bowmanville,ON,"L1C 3Z8",CAN,," *SEE NOTE",00,"Brian Hillery",,,,,,,,2,,,,,00,,"Brian Hillery",,,,,,,,,,,,,,,10-ONTA01,,,,,,,,,,,,00,,,,,,3ef1a84c-2429-e711-815d-e0071b6a50c1,,,,1,13472,,"Brian Hillery"
"Ontario Redimix",,,,,,"(905) 693-2047",,,,"105 Steeles Ave East",,,Milton,ON,"L9T 4K6",CAN,,"UPS PPD GRD",00,"Joe Menhart",,,,,,,,2,,,,,00,,"Joe Menhart",,,,,,,,,,,,,,,40-ONTA02,,,,,,,,,,,,00,,,,,,0f56367f-2429-e711-815d-e0071b6a50c1,,,,1,17352,,"Joe Menhart"
"Ontario Sewing Service",,,,,,,,,,"43 Brighton Road",,,,ON,L4M6S4,CAN,,100000000,,,,,,,,,,3,,,,,2,,,,,,,,,,,,,,,,,ONTA01,,,,,,,,,,,,,,,,,,cdaee0aa-2f29-e711-8112-e0071b6aa201,,,,1,10364,,
"Oxford Builders Supplies",,,,,,"(403) 279-4219",,,,"9616 48 St. SE",,,Calgary,AB,"T2C 2R2",CAN,,"PPA INTL",00,"Brian Hillery",,,,,,,,2,,,,,00,,"Brian Hillery",,,,,,,,,,,,,,,10-OXFO01,,,,,,,,,,,,00,,,,,,00faa84c-2429-e711-815d-e0071b6a50c1,,,,1,15790,,"Brian Hillery"
"Pacer Corp",,,,,,,,,,"1105 - 7th Ave SW",,,Calgary,AB,"T2P 1B2",CAN,,"UPS PPD GRD",50,"Joe Menhart",,,,,,,,2,,,,,50,,"Joe Menhart",,,,,,,,,,,,,,,40-PACE02,,,,,,,,,,,,50,,,,,,1956367f-2429-e711-815d-e0071b6a50c1,,,,1,16174,,"Joe Menhart"
"Pacline Corporation",,,,,,"(905) 858-2333",,,,"5890 Shawson Dr",,,Mississauga,ON,"L4W 3W5",CAN,,"3RD PTY",02,"Jerry O'Neill",,,,,,,,2,,,,,02,,"Jerry O'Neill",,,,,,,,,,,,,,,30-PACL01,,,,,,,,,,,,02,,,,,,7ce9a84c-2429-e711-815d-e0071b6a50c1,,,,1,13664,,"Jerry O'Neill"
"Paramount Parts Inc.",,,,,,"(780) 790-0365",,,,"36 Riedel St.",,,"Fort McMurray",AB,"T9H 3E1",CAN,,"PPD GRD",00,"Brian Hillery",,,,,,,,2,,,,,00,,"Brian Hillery",,,,,,,,,,,,,,,10-PARA08,,,,,,,,,,,,00,,,,,,0afaa84c-2429-e711-815d-e0071b6a50c1,,,,1,15791,,"Brian Hillery"
"PARCS Ltd",,,,,,"(519) 571-2085",,,,"409 Harmony Rd",,,Ayr,ON,"N0B 1E0",CAN,,"PPA INTL",02,"Robin Ritz",,,,,,,,2,,,,,02,,"Robin Ritz",,,,,,,,,,,,,,,50-PARC02,,,,,,,,,,,,02,,,,,,ff5f367f-2429-e711-815d-e0071b6a50c1,,,,1,16405,,"Robin Ritz"
"Paris Equipment Mfg. Ltd.",,,,,,"(519) 442-2668",,,,"DO NOT USE, USE PARI02","21 Scott Avenue","PO Box 70",Paris,ON,"N3L 3E5",CAN,,"3RD PTY",00,"Robin Ritz",,,,,,,,2,,,,,00,,"Robin Ritz",,,,,,,,,,,,,,,50-LEYS01,,,,,,,,,,,,00,,,,,,61a0b046-2429-e711-815d-e0071b6a50c1,,,,1,12896,,"Robin Ritz"
"Paris Equipment Mfg. Ltd.",,,,,,"(519) 442-2668",,,,"PO Box 70","21 Scott Avenue",,Paris,ON,"N3L 3E5",CAN,,"3RD PTY",00,"Robin Ritz",,,,,,,,2,,,,,00,,"Robin Ritz",,,,,,,,,,,,,,,50-PARI02,,,,,,,,,,,,00,,,,,,0360367f-2429-e711-815d-e0071b6a50c1,,,,1,17641,,"Robin Ritz"
"PCL Construction",,,,,,,,,,"5400 99 Street",,,Edmonton,AB,"T6E 3N7",CAN,,"PPA INTL",00,"House BayNets",,,,,,,,2,,,,,00,,"House BayNets",,,,,,,,,,,,,,,40-PCLC01,,,,,,,,,,,,00,,,,,,dfa2b046-2429-e711-815d-e0071b6a50c1,,,,1,11478,,"House BayNets"
"Pennzoil Ajax",,,,,,,,,,"195 Westney Rd S Unit 7",,,Ajax,ON,"L1S 2C9",CAN,,"UPS PPA INTL",00,"Joe Menhart",,,,,,,,2,,,,,00,,"Joe Menhart",,,,,,,,,,,,,,,40-PENN09,,,,,,,,,,,,00,,,,,,e9a5b046-2429-e711-815d-e0071b6a50c1,,,,1,11479,,"Joe Menhart"
"Penske Truck Leasing",,,,,,,,,,"1610 Enterprise Rd",,,Mississauga,ON,"L4W 4L4",CAN,,"UPS PPD GRD",00,"Joe Menhart",,,,,,,,2,,,,,00,,"Joe Menhart",,,,,,,,,,,,,,,40-PENS57,,,,,,,,,,,,00,,,,,,8356367f-2429-e711-815d-e0071b6a50c1,,,,1,19793,,"Joe Menhart"
"Peter Heron",,,,,,,,,,"56 Bagot St.",,,Brooklyn,ON,"L1M 1A1",CAN,,"PPA INTL",00,"Robin Ritz",,,,,,,,2,,,,,00,,"Robin Ritz",,,,,,,,,,,,,,,70-PETE12,,,,,,,,,,,,00,,,,,,96e5a84c-2429-e711-815d-e0071b6a50c1,,,,1,19236,,"Robin Ritz"
"Peter Pubbin",,,,,,,,,,"Tap Master","20175 Township Rd 262",,Calgary,AB,"T3P 1A3",CAN,,"PPA INTL",00,House,,,,,,,,2,,,,,00,,House,,,,,,,,,,,,,,,70-PETE07,,,,,,,,,,,,00,,,,,,61856dac-2429-e711-815d-e0071b6a50c1,,,,1,16771,,House
"Pickering Soccer Centre",,,,,,,,,,"1975 Clements Rd.",,,Pickering,ON,"L1W 4C2",CAN,,"PPD GRD",00,"Charles Crawford",,,,,,,,2,,,,,00,,"Charles Crawford",,,,,,,,,,,,,,,60-PICK01,,,,,,,,,,,,00,,,,,,4569367f-2429-e711-815d-e0071b6a50c1,,,,1,20215,,"Charles Crawford"
"Pirouette et Girouette Inc.",,,,,,,,,,"33 Boul Hotel Ville",,,Val'dor,QC,"J9P 5A9",CAN,,,00,"Robin Ritz",,,,,,,,2,,,,,00,,"Robin Ritz",,,,,,,,,,,,,,,50-PIRO01,,,,,,,,,,,,00,,,,,,7360367f-2429-e711-815d-e0071b6a50c1,,,,1,17656,,"Robin Ritz"
"Premier Horticulture",,,,,,"(403) 556-6433",,,,"I-4803 60th St.",,,Olds,AB,"T4H 1V1",CAN,,"PPA INTL",00,"Brian Hillery",,,,,,,,2,,,,,00,,"Brian Hillery",,,,,,,,,,,,,,,10-PREM06,,,,,,,,,,,,00,,,,,,e755367f-2429-e711-815d-e0071b6a50c1,,,,1,18203,,"Brian Hillery"
"Prime Play by Whitewater",,,,,,"(604) 232-4605",,,,"6700 McMillan Way",,,Richmond,BC,"V6W 1J7",CAN,,"*SEE NOTE",00,"Robin Ritz",,,,,,,,2,,,,,00,,"Robin Ritz",,,,,,,,,,,,,,,50-PRIM01,,,,,,,,,,,,00,,,,,,6963367f-2429-e711-815d-e0071b6a50c1,,,,1,16423,,"Robin Ritz"
"Prime Play by Whitwater",,,,,,,,,,"6680 McMillan Way",,,,,,CAN,,100000000,,,,,,,,,,3,,,,,,,,,,,,,,,,,,,,,,ARPRIM,,,,,,,,,,,,,,,,,,25ace0aa-2f29-e711-8112-e0071b6aa201,,,,1,10032,,
"Prisme Equipments Canada Inc",,,,,,,,,,"2365 rue Michelin",,,Laval,QC,"H7L 5B9",CAN,,"PPA INTL",02,"Robin Ritz",,,,,,,,2,,,,,02,,"Robin Ritz",,,,,,,,,,,,,,,50-PRIS01,,,,,,,,,,,,02,,,,,,dd48367f-2429-e711-815d-e0071b6a50c1,,,,1,15266,,"Robin Ritz"
"Pro-Line Manufacturing Inc.",,,,,,"(403) 885-2742",,,,"Box 535",,,Blackfalds,AB,"T0M 0J0",CAN,,"3RD PTY",00,"Brian Hillery",,,,,,,,2,,,,,00,,"Brian Hillery",,,,,,,,,,,,,,,10-PROL02,,,,,,,,,,,,00,,,,,,e955367f-2429-e711-815d-e0071b6a50c1,,,,1,16977,,"Brian Hillery"
Proludik,,,,,,,,,,"2500 Rue Jean-Perrin","Suite 103",,Quebec,QC,"G2C 1X1",CAN,,"PPA INTL",00,"Robin Ritz",,,,,,,,2,,,,,00,,"Robin Ritz",,,,,,,,,,,,,,,50-PROL04,,,,,,,,,,,,00,,,,,,2d60367f-2429-e711-815d-e0071b6a50c1,,,,1,12947,,"Robin Ritz"
"Pro Mark",,,,,,"(519) 621-1972",,,,"101 Sheldon Dr","Unit 1",,Cambridge,ON,"N1R 6T6",CAN,,"PPA INTL",00,"House BayNets",,,,,,,,2,,,,,00,,"House BayNets",,,,,,,,,,,,,,,40-PROM02,,,,,,,,,,,,00,,,,,,f7a2b046-2429-e711-815d-e0071b6a50c1,,,,1,15051,,"House BayNets"
"Pro-Metal Plus Inc.",,,,,,"(418) 286-6298",,,,"12, boul. des Sources",,,Deschambault,QC,"G0A 1S0",CAN,,"PPD GRD",00,"Jerry O'Neill",,,,,,,,2,,,,,00,,"Jerry O'Neill",,,,,,,,,,,,,,,30-PROM02,,,,,,,,,,,,00,,,,,,58eda84c-2429-e711-815d-e0071b6a50c1,,,,1,13674,,"Jerry O'Neill"
"Pro Oil Change",,,,,,,,,,"14789 57A Ave",,,Surrey,BC,"V3S 3B7",CAN,,"PPA INTL",00,"House BayNets",,,,,,,,2,,,,,00,,"House BayNets",,,,,,,,,,,,,,,40-PROO01,,,,,,,,,,,,00,,,,,,26eda84c-2429-e711-815d-e0071b6a50c1,,,,1,13881,,"House BayNets"
"Protek Industries Ltd.",,,,,,,,,,"152 Glencoe Dr.",,,"Mount Pearl",NL,"A1N 4S9",CAN,,"PPA INTL",00,"Brian Hillery",,,,,,,,2,,,,,00,,"Brian Hillery",,,,,,,,,,,,,,,10-PROT01,,,,,,,,,,,,00,,,,,,fba3b046-2429-e711-815d-e0071b6a50c1,,,,1,13479,,"Brian Hillery"
"Pryor Metals",,,,,,"(613) 822-0489",,,,"2623 Fenton Rd",,,Ottawa,ON,"K4B 1J1",CAN,,"PPA INTL",00,"Robin Ritz",,,,,,,,2,,,,,00,,"Robin Ritz",,,,,,,,,,,,,,,50-PRYO01,,,,,,,,,,,,00,,,,,,b960367f-2429-e711-815d-e0071b6a50c1,,,,1,16426,,"Robin Ritz"
"RAC Group",,,,,,,,,,"3011 23 Street NE",,,Calgary,AB,"T2E 7A4",CAN,,"PPA INTL",02,House,,,,,,,,2,,,,,02,,House,,,,,,,,,,,,,,,70-RACG01,,,,,,,,,,,,02,,,,,,89856dac-2429-e711-815d-e0071b6a50c1,,,,1,18001,,House
"Rampage City Paintball",,,,,,,,,,"4839-47 Street S.E.",,,Calgary,AB,"T2B 3S5",CAN,,"PPA INTL",00,House,,,,,,,,2,,,,,00,,House,,,,,,,,,,,,,,,70-RAMP02,,,,,,,,,,,,00,,,,,,8d856dac-2429-e711-815d-e0071b6a50c1,,,,1,16775,,House
"Rayonex Inc.",,,,,,"(514) 336-0227",,,,"1200 rue Tremblay",,,St-Hubert,QC,"J3Y 4B6",CAN,,"3RD PTY",02,"Jerry O'Neill",,,,,,,,2,,,,,02,,"Jerry O'Neill",,,,,,,,,,,,,,,30-RAYO01,,,,,,,,,,,,02,,,,,,8b4d367f-2429-e711-815d-e0071b6a50c1,,,,1,19631,,"Jerry O'Neill"
"Rayonnage Camrack Inc.",,,,,,,,,,"3112 Bernard Pilon",,,Saint-Mathieu-De-Bel,QC,"J3G 4S5",CAN,,"PPA INTL",00,"Jerry O'Neill",,,,,,,,2,,,,,00,,"Jerry O'Neill",,,,,,,,,,,,,,,30-RAYO02,,,,,,,,,,,,00,,,,,,27a2b046-2429-e711-815d-e0071b6a50c1,,,,1,11280,,"Jerry O'Neill"
"Razor Management, Inc.",,,,,,,,,,"17 Longboat Ave",,,Toronto,ON,"M5A 4C9",CAN,,"PPD GRD",00,"Charles Crawford",,,,,,,,2,,,,,00,,"Charles Crawford",,,,,,,,,,,,,,,60-RAZO01,,,,,,,,,,,,00,,,,,,07a7b046-2429-e711-815d-e0071b6a50c1,,,,1,13127,,"Charles Crawford"
"Rebecca Sedore",,,,,,,,,,"219 East St",,,Napanee,ON,"K7R 1S9",CAN,,"PPA INTL",00,"Robin Ritz",,,,,,,,2,,,,,00,,"Robin Ritz",,,,,,,,,,,,,,,50-REBE02,,,,,,,,,,,,00,,,,,,d960367f-2429-e711-815d-e0071b6a50c1,,,,1,16427,,"Robin Ritz"
"Red Deer Catholic Reg Div. 39",,,,,,"(403) 309-8803",,,,"133-37428 Range Rd. 273",,,"Red Deer County",AB,"T4E OA1",CAN,,"PPA INTL",00,"House BayNets",,,,,,,,2,,,,,00,,"House BayNets",,,,,,,,,,,,,,,40-REDD01,,,,,,,,,,,,00,,,,,,3557367f-2429-e711-815d-e0071b6a50c1,,,,1,19816,,"House BayNets"
"Remote Access Technology Inc.",,,,,,"(902) 463-2053",,,,"61 Atlantic St.",,,Dartmouth,NS,"B2Y 4P4",CAN,,"PPA INTL",00,"Brian Hillery",,,,,,,,2,,,,,00,,"Brian Hillery",,,,,,,,,,,,,,,10-REMO01,,,,,,,,,,,,00,,,,,,8cfea84c-2429-e711-815d-e0071b6a50c1,,,,1,13486,,"Brian Hillery"
"Richard Cote",,,,,,,,,,"252 Range 3 East",,,Stoke,QU,"J0B 3G0",CAN,,"PPA INTL",00,"Robin Ritz",,,,,,,,2,,,,,00,,"Robin Ritz",,,,,,,,,,,,,,,50-RICH04,,,,,,,,,,,,00,,,,,,f95d367f-2429-e711-815d-e0071b6a50c1,,,,1,11738,,"Robin Ritz"
"Rigid Robotics Inc",,,,,,"(888) 731-8792",,,,"2386 East Mall, Suite 211",,,Vancouver,BC,"V6T 1Z3",CAN,,"PPA INTL",00,"Charles Crawford",,,,,,,,2,,,,,00,,"Charles Crawford",,,,,,,,,,,,,,,60-RIGI01,,,,,,,,,,,,00,,,,,,6562367f-2429-e711-815d-e0071b6a50c1,,,,1,13131,,"Charles Crawford"
"Rigid Robotics Inc",,,,,,"(888) 731-8792",,,,"2386 East Mall, Suite 211",,,Vancouver,BC,"V6T 1Z3",CAN,,"PPA INTL",00,"Charles Crawford",,,,,,,,2,,,,,00,,"Charles Crawford",,,,,,,,,,,,,,,60-RIDI01,,,,,,,,,,,,00,,,,,,7969367f-2429-e711-815d-e0071b6a50c1,,,,1,17824,,"Charles Crawford"
"R.J. Cyr Co. Inc.",,,,,,"(519) 737-6566",,,,"R.R. No. 3",,,Maidstone,ON,"N0R 2K0",CAN,,"3RD PTY",00,"Brian Stevenson",,,,,,,,2,,,,,00,,"Brian Stevenson",,,,,,,,,,,,,,,30-RJCY01,,,,,,,,,,,,00,,,,,,695a367f-2429-e711-815d-e0071b6a50c1,,,,1,17195,,"Brian Stevenson"
"Robert Jebailey",,,,,,,,,,"158 Dicenzo Dr",,,Hamilton,ON,"L9B 2K8",CAN,,"PPA INTL",00,"Robin Ritz",,,,,,,,2,,,,,00,,"Robin Ritz",,,,,,,,,,,,,,,50-ROBE32,,,,,,,,,,,,00,,,,,,0361367f-2429-e711-815d-e0071b6a50c1,,,,1,17673,,"Robin Ritz"
"Rock N' Horse Ranch",,,,,,,,,,"36270 Hwy 2, Service Rd S",,,"Red Deer County",AB,"T4G 0G5",CAN,,"PPD GRD",00,"Jen Gowac",,,,,,,,2,,,,,00,,"Jen Gowac",,,,,,,,,,,,,,,70-ROCK01,,,,,,,,,,,,00,,,,,,e3856dac-2429-e711-815d-e0071b6a50c1,,,,1,19254,,"Jen Gowac"
"Rockwerx Canada, Inc",,,,,,"(905) 878-8906",,,,"104 Bronte Street North",,,Milton,ON,"L9T 2N5",CAN,,"PPA INTL",00,"Robin Ritz",,,,,,,,2,,,,,00,,"Robin Ritz",,,,,,,,,,,,,,,50-ROCK10,,,,,,,,,,,,00,,,,,,2f60367f-2429-e711-815d-e0071b6a50c1,,,,1,12964,,"Robin Ritz"
"Rope Access Maintenance",,,,,,"(506) 672-8875",,,,"7 Foster Thurston Dr.",,,"Saint John",NB,"E2K 5J4",CAN,,"PPD GRD",00,"Brian Hillery",,,,,,,,2,,,,,00,,"Brian Hillery",,,,,,,,,,,,,,,10-ROPE01,,,,,,,,,,,,00,,,,,,d4faa84c-2429-e711-815d-e0071b6a50c1,,,,1,15803,,"Brian Hillery"
"Rosenau Transportation",,,,,,,,,,"5805-98 St.",,,Edmonton,AB,"T6E 3L4",CAN,,"PPA INTL",00,"House BayNets",,,,,,,,2,,,,,00,,"House BayNets",,,,,,,,,,,,,,,40-ROSE01,,,,,,,,,,,,00,,,,,,5946367f-2429-e711-815d-e0071b6a50c1,,,,1,12698,,"House BayNets"
"RothLochston BEL Ltd.",,,,,,"(709) 738-2530",,,,"179 McNamara Dr",,,Paradise,NL,"A1L 0A7",CAN,,"PPD GRD",00,"Brian Hillery",,,,,,,,2,,,,,00,,"Brian Hillery",,,,,,,,,,,,,,,10-BOWR01,,,,,,,,,,,,00,,,,,,a3a9b046-2429-e711-815d-e0071b6a50c1,,,,1,13385,,"Brian Hillery"
"Rounds Ranch",,,,,,"(705) 333-1373",,,,"1922 County Road 92",,,Elmvale,ON,"LOL 1PO",CAN,,"PPA INTL",00,"Robin Ritz",,,,,,,,2,,,,,00,,"Robin Ritz",,,,,,,,,,,,,,,70-ROUN01,,,,,,,,,,,,00,,,,,,f3856dac-2429-e711-815d-e0071b6a50c1,,,,1,19259,,"Robin Ritz"
"Ryan Keon",,,,,,,,,,"57 Auriga Dr, Ste 101",,,Ottawa,ON,"K2E 8B2",CAN,,"PPA INTL",00,House,,,,,,,,2,,,,,00,,House,,,,,,,,,,,,,,,70-RYAN03,,,,,,,,,,,,00,,,,,,ff856dac-2429-e711-815d-e0071b6a50c1,,,,1,19260,,House
"Ryder Canada",,,,,,"(905) 457-0152",,,,"10A Tilbury Ct.",,,Brampton,ON,"L6T 3T4",CAN,,"UPS COLLECT",52,"Joe Menhart",,,,,,,,2,,,,,52,,"Joe Menhart",,,,,,,,,,,,,,,40-RYDE66,,,,,,,,,,,,52,,,,,,7b57367f-2429-e711-815d-e0071b6a50c1,,,,1,19826,,"Joe Menhart"
"Ryder Logistics & Transportati",,,,,,"(905) 826-8193",,,,"2233 Argentia Rd.",,,Mississauga,ON,"L5N 2X7",CAN,,"PPA INTL",00,"House BayNets",,,,,,,,2,,,,,00,,"House BayNets",,,,,,,,,,,,,,,40-RYDE37,,,,,,,,,,,,00,,,,,,4f5d367f-2429-e711-815d-e0071b6a50c1,,,,1,15060,,"House BayNets"
"Ryder Truck",,,,,,,,,,"#9 380 Riverside Rd",,,Abbotsford,BC,"V2S 4P4",CAN,,"PPA INTL",00,"House BayNets",,,,,,,,2,,,,,00,,"House BayNets",,,,,,,,,,,,,,,40-RYDE68,,,,,,,,,,,,00,,,,,,4f4c367f-2429-e711-815d-e0071b6a50c1,,,,1,12701,,"House BayNets"
"Saint-Gobain Abrasives Canada",,,,,,,,,,"28 Albert St W",,,Plattsville,ON,"N0J 1S0",CAN,,"PPD GRD",00,"Brian Stevenson",,,,,,,,2,,,,,00,,"Brian Stevenson",,,,,,,,,,,,,,,30-SAIN01,,,,,,,,,,,,00,,,,,,e14d367f-2429-e711-815d-e0071b6a50c1,,,,1,17196,,"Brian Stevenson"
"Sanjel Corp",,,,,,,,,,"10202 88 Ave",,,Clairmont,AB,"T0H 0W0",CAN,,"UPS PPD GRD",00,"House BayNets",,,,,,,,2,,,,,00,,"House BayNets",,,,,,,,,,,,,,,40-SANJ03,,,,,,,,,,,,00,,,,,,9757367f-2429-e711-815d-e0071b6a50c1,,,,1,18644,,"House BayNets"
"Sanjel Corporation",,,,,,"(403) 528-3423",,,,"200505 2nd SW",,,Calgary,AB,"T2P 1N8",CAN,,"PPA INTL",00,"House BayNets",,,,,,,,2,,,,,00,,"House BayNets",,,,,,,,,,,,,,,40-SANJ01,,,,,,,,,,,,00,,,,,,695d367f-2429-e711-815d-e0071b6a50c1,,,,1,12706,,"House BayNets"
"Saunders Farm Inc.",,,,,,"(613) 838-9689",,,,"PO Box 356","7893 Bleek Rd.","Attn: Mark Saunders",Munster,ON,"K0A 3P0",CAN,,"PPA INTL",00,"Robin Ritz",,,,,,,,2,,,,,00,,"Robin Ritz",,,,,,,,,,,,,,,50-SAUN02,,,,,,,,,,,,00,,,,,,4b61367f-2429-e711-815d-e0071b6a50c1,,,,1,16438,,"Robin Ritz"
"S.B. Simpson Group Inc.",,,,,,"(905) 723-1812",,,,"766b Farewell St S",,,Oshawa,ON,"L1H 6N4",CAN,,"PPA INTL",00,"Charles Crawford",,,,,,,,2,,,,,00,,"Charles Crawford",,,,,,,,,,,,,,,60-SBSI01,,,,,,,,,,,,00,,,,,,9d69367f-2429-e711-815d-e0071b6a50c1,,,,1,19073,,"Charles Crawford"
Scenework,,,,,,"(519) 837-2487",,,,"67 Watson Rd. South","Unit #7",,Guelph,ON,"N1L 1E3",CAN,,"PPA INTL",00,"Charles Crawford",,,,,,,,2,,,,,00,,"Charles Crawford",,,,,,,,,,,,,,,60-SCEN03,,,,,,,,,,,,00,,,,,,9f69367f-2429-e711-815d-e0071b6a50c1,,,,1,19074,,"Charles Crawford"
"S.F. Scott Mfg. Co. Ltd.",,,,,,"(403) 529-0851",,,,"766 14th St., S.W.",,,"Medicine Hat",AB,"T1A 4V7",CAN,,"PPA INTL",02,House,,,,,,,,2,,,,,02,,House,,,,,,,,,,,,,,,70-SFSC1NT,,,,,,,,,,,,02,,,,,,3b866dac-2429-e711-815d-e0071b6a50c1,,,,1,20399,,House
"Shaw Pipe",,,,,,"(780) 467-0898",,,,"10275 21st Ave",,,Edmonton,AB,"T6T 1P3",CAN,,COLLECT,00,"Jen Gowac",,,,,,,,2,,,,,00,,"Jen Gowac",,,,,,,,,,,,,,,70-SHAW01,,,,,,,,,,,,00,,,,,,d4efa84c-2429-e711-815d-e0071b6a50c1,,,,1,15621,,"Jen Gowac"
"Show Canada Inc",,,,,,"(450) 664-0852",,,,"5555 Maurice-Cullen",,,Laval,QC,"H7C 2T8",CAN,,"PPD GRD",00,"Joe Menhart",,,,,,,,2,,,,,00,,"Joe Menhart",,,,,,,,,,,,,,,15-SHOW01,,,,,,,,,,,,00,,,,,,c600a94c-2429-e711-815d-e0071b6a50c1,,,,1,17057,,"Joe Menhart"
"Silverwood Motor Products LTD",,,,,,,,,,"5103 25 Street",,,LLoydminster,AB,"T9V 0X4",CAN,,"UPS PPD GRD",00,"House BayNets",,,,,,,,2,,,,,00,,"House BayNets",,,,,,,,,,,,,,,40-SILV01,,,,,,,,,,,,00,,,,,,bd57367f-2429-e711-815d-e0071b6a50c1,,,,1,18649,,"House BayNets"
"Spin Cycle",,,,,,,,,,"P.O. Box 102","Attn: Lance Cyr",,Whistler,BC,"V0N 1B0",CAN,,"PPA INTL",00,"Charles Crawford",,,,,,,,2,,,,,00,,"Charles Crawford",,,,,,,,,,,,,,,60-SPIN01,,,,,,,,,,,,00,,,,,,c169367f-2429-e711-815d-e0071b6a50c1,,,,1,16598,,"Charles Crawford"
"Sport Systems Canada",,,,,,"(613) 256-5876",,,,"28 Industrial Dr",,,Almonte,ON,"K0A 1A0",CAN,,"3RD PTY",02,"Jerry O'Neill",,,,,,,,2,,,,,02,,"Jerry O'Neill",,,,,,,,,,,,,,,30-SPOR03,,,,,,,,,,,,02,,,,,,2cf7f195-4821-e711-810e-e0071b6ac0b1,,,,1,19640,,"Jerry O'Neill"
"Sport Systems Unlimited",,,,,,,,,,"665 Rupert Street",,,,ON,"N2L 5X4",CAN,,100000000,,,,,,,,,,3,,,,,,,,,,,,,,,,,,,,,,ARSPOR2,,,,,,,,,,,,,,,,,,bbade0aa-2f29-e711-8112-e0071b6aa201,,,,1,10227,,
"Sport Systems Unlimited Corp.",,,,,,"(519) 747-3659",,,,"554 Parkside Dr.",,,Waterloo,ON,"N2L 5Z4",CAN,,"3RD PTY",02,"Charles Crawford",,,,,,,,2,,,,,02,,"Charles Crawford",,,,,,,,,,,,,,,60-SPOR11,,,,,,,,,,,,02,,,,,,cb69367f-2429-e711-815d-e0071b6a50c1,,,,1,17835,,"Charles Crawford"
"Stackpole International",,,,,,"(905) 403-0385",,,,"2400 Royal Windsor Dr.",,,Mississauga,ON,"L5J 1K7",CAN,,"PPA INTL",00,"Brian Hillery",,,,,,,,2,,,,,00,,"Brian Hillery",,,,,,,,,,,,,,,10-STAC01,,,,,,,,,,,,00,,,,,,90fba84c-2429-e711-815d-e0071b6a50c1,,,,1,19447,,"Brian Hillery"
"Standard Equipment Supply LTD",,,,,,,,,,"2055 Fasan Dr.",,,Oldcastle,ON,"N0R 1L0",CAN,,"PPA INTL",00,"House BayNets",,,,,,,,2,,,,,00,,"House BayNets",,,,,,,,,,,,,,,40-SESU01,,,,,,,,,,,,00,,,,,,715d367f-2429-e711-815d-e0071b6a50c1,,,,1,12711,,"House BayNets"
"Standard Machine",,,,,,"(306) 931-4741",,,,"868 - 60th Street East",,,Saskatoon,SK,"S7K 8G8",CAN,,"PPA INTL",00,"Brian Hillery",,,,,,,,2,,,,,00,,"Brian Hillery",,,,,,,,,,,,,,,10-STAN05,,,,,,,,,,,,00,,,,,,3cf2a84c-2429-e711-815d-e0071b6a50c1,,,,1,14660,,"Brian Hillery"
"Steam Films",,,,,,,,,,"125 George St.","2nd Floor",,Toronto,ON,"M5A 2N4",CAN,,"PPA INTL",00,"Robin Ritz",,,,,,,,2,,,,,00,,"Robin Ritz",,,,,,,,,,,,,,,70-STEA02,,,,,,,,,,,,00,,,,,,60f0a84c-2429-e711-815d-e0071b6a50c1,,,,1,13326,,"Robin Ritz"
"Stetson Motors",,,,,,"(780) 542-5899",,,,"2451 50th Street",,,"Drayton Valley",AB,"T7A 1S4",CAN,,"PPA INTL",00,"House BayNets",,,,,,,,2,,,,,00,,"House BayNets",,,,,,,,,,,,,,,40-STET01,,,,,,,,,,,,00,,,,,,875d367f-2429-e711-815d-e0071b6a50c1,,,,1,19846,,"House BayNets"
"STG Fleet Edmonton",,,,,,,,,,"4205 76 Ave","Teri Weston",,Edmonton,AB,"T6B 2H7",CAN,,"PPD GRD",00,"Joe Menhart",,,,,,,,2,,,,,00,,"Joe Menhart",,,,,,,,,,,,,,,40-STGF01,,,,,,,,,,,,00,,,,,,835d367f-2429-e711-815d-e0071b6a50c1,,,,1,13903,,"Joe Menhart"
"Stillwood Camp & Conf. Center",,,,,,"(604) 858-5665",,,,"44005 Watt Rd",,,"Lindell Beach",BC,"V2R 5E8",CAN,,"PPA INTL",00,"Robin Ritz",,,,,,,,2,,,,,00,,"Robin Ritz",,,,,,,,,,,,,,,70-STILL01,,,,,,,,,,,,00,,,,,,aef0a84c-2429-e711-815d-e0071b6a50c1,,,,1,13331,,"Robin Ritz"
"St. John's Tax Centre",,,,,,"(709) 693-9689",,,,"290 Empire Ave","Accommodation & Telecommunicat","Canada Revenue Agency","St. John's",NL,"A1B 3Z1",CAN,,"PPD GRD",00,"Jerry O'Neill",,,,,,,,2,,,,,00,,"Jerry O'Neill",,,,,,,,,,,,,,,30-STJO01,,,,,,,,,,,,00,,,,,,3ceea84c-2429-e711-815d-e0071b6a50c1,,,,1,14864,,"Jerry O'Neill"
"Storcan Ltd",,,,,,"(450) 698-1178",,,,"108, Belanger",,,Chateauguay,QC,"J6J 4Z2",CAN,,"PPA INTL",00,"Jerry O'Neill",,,,,,,,2,,,,,00,,"Jerry O'Neill",,,,,,,,,,,,,,,30-STOR25,,,,,,,,,,,,00,,,,,,bb5a367f-2429-e711-815d-e0071b6a50c1,,,,1,16027,,"Jerry O'Neill"
Structurack,,,,,,"(450) 692-5868",,,,"237  Boulevard Industriel","Suite 170",,Chateauguay,QC,"J6J 4Z2",CAN,,"PPA INTL",02,"Jerry O'Neill",,,,,,,,2,,,,,02,,"Jerry O'Neill",,,,,,,,,,,,,,,30-STRU04,,,,,,,,,,,,02,,,,,,4351367f-2429-e711-815d-e0071b6a50c1,,,,1,19643,,"Jerry O'Neill"
"Sunny Corner",,,,,,,,,,"259 Dalton Ave",,,Miramichi,MB,"E1V 3C4",CAN,,"PPA INTL",00,House,,,,,,,,2,,,,,00,,House,,,,,,,,,,,,,,,70-SUNN02,,,,,,,,,,,,00,,,,,,9d866dac-2429-e711-815d-e0071b6a50c1,,,,1,20408,,House
"Sunshine Playground Equipment",,,,,,"(780) 662-4771",,,,"Box 4, Site 4, RR2",,,Tofield,AB,"T0B 4J0",CAN,,"PPA INTL",00,"Robin Ritz",,,,,,,,2,,,,,00,,"Robin Ritz",,,,,,,,,,,,,,,50-SUNS02,,,,,,,,,,,,00,,,,,,6f60367f-2429-e711-815d-e0071b6a50c1,,,,1,11780,,"Robin Ritz"
"Swifty's 15 Minute Oil Change",,,,,,,,,,"11 Avonlea Court",,,Fredericton,NB,"E3C 1N8",CAN,,"UPS PPA INTL",00,"Joe Menhart",,,,,,,,2,,,,,00,,"Joe Menhart",,,,,,,,,,,,,,,40-SWIF03,,,,,,,,,,,,00,,,,,,0358367f-2429-e711-815d-e0071b6a50c1,,,,1,17416,,"Joe Menhart"
"Taggart's Welding",,,,,,,,,,"4505 Ferguson Dr",,,Elizabethtown,ON,"K6T 1A9",CAN,,"PPA INTL",00,"Brian Stevenson",,,,,,,,2,,,,,00,,"Brian Stevenson",,,,,,,,,,,,,,,30-TAGG01,,,,,,,,,,,,00,,,,,,d95a367f-2429-e711-815d-e0071b6a50c1,,,,1,14870,,"Brian Stevenson"
"Tania Kitchell",,,,,,,,,,"121 Barton Ave.",,,Toronto,ON,"M6G 1P8",CAN,,"PPA INTL",00,"Robin Ritz",,,,,,,,2,,,,,00,,"Robin Ritz",,,,,,,,,,,,,,,70-TANI02,,,,,,,,,,,,00,,,,,,eaf0a84c-2429-e711-815d-e0071b6a50c1,,,,1,12109,,"Robin Ritz"
"Tawni Gordon",,,,,,,,,,"97 Eastview Blvd.",,,Belleville,ON,"K8N 4Z3",CAN,,"PPA INTL",00,"Charles Crawford",,,,,,,,2,,,,,00,,"Charles Crawford",,,,,,,,,,,,,,,60-TAWN01,,,,,,,,,,,,00,,,,,,f769367f-2429-e711-815d-e0071b6a50c1,,,,1,20238,,"Charles Crawford"
"TCF Vancouver Productions",,,,,,,,,,"2800 Underhill Ave",,,Burnaby,BC,"V5A 3C5",CAN,,COLLECT,00,"Robin Ritz",,,,,,,,2,,,,,00,,"Robin Ritz",,,,,,,,,,,,,,,50-TCFV01,,,,,,,,,,,,00,,,,,,4149367f-2429-e711-815d-e0071b6a50c1,,,,1,11781,,"Robin Ritz"
"Technically Yours Inc.",,,,,,,,,,"#103 - 7 Labatt Ave.",,,Toronto,ON,"M5A 1Z1",CAN,,COLLECT,00,"Charles Crawford",,,,,,,,2,,,,,00,,"Charles Crawford",,,,,,,,,,,,,,,60-TECH01,,,,,,,,,,,,00,,,,,,86eca84c-2429-e711-815d-e0071b6a50c1,,,,1,15453,,"Charles Crawford"
Technirack,,,,,,"(450) 443-4756",,,,"5455 Ramsay St.",,,Saint-Hubert,QC,"J3Y 2S3",CAN,,"PPA INTL",02,"Jerry O'Neill",,,,,,,,2,,,,,02,,"Jerry O'Neill",,,,,,,,,,,,,,,30-TECH03,,,,,,,,,,,,02,,,,,,70eba84c-2429-e711-815d-e0071b6a50c1,,,,1,11313,,"Jerry O'Neill"
"Tech Sport",,,,,,"(450) 834-6660",,,,"4994 Road 125",,,Rawdan,QC,"J0K 1S0",CAN,,"PPA INTL",00,"Robin Ritz",,,,,,,,2,,,,,00,,"Robin Ritz",,,,,,,,,,,,,,,50-TECH05,,,,,,,,,,,,00,,,,,,1962367f-2429-e711-815d-e0071b6a50c1,,,,1,16465,,"Robin Ritz"
"Telus Spark",,,,,,"(403) 817-6901",,,,"220 St. George's Dr",,,Calgary,AB,"T2E 5T2",CAN,,"PPA INTL",00,"Robin Ritz",,,,,,,,2,,,,,00,,"Robin Ritz",,,,,,,,,,,,,,,70-TELU01,,,,,,,,,,,,00,,,,,,b4ffa84c-2429-e711-815d-e0071b6a50c1,,,,1,12111,,"Robin Ritz"
"Test Customer Here",1231231231,,a@a.com,,,,,,,"Main Street",,,Hartford,CT,12355,CAN,,COLLECT,,,,,,,,,,3,,,,,34,,"Jen Gowac",,,,,,,,,,,,,,,,,,,,,,,,,,,,,,,,,d6c1c1e3-666b-53e6-90c1-d56445739166,,,2,1,20467,OEM,"Jen Gowac"
"The Americana Resort",,,,,,,,,,"8444 Lundy's Lane",,,"Niagara Falls",ON,"L2H 1H4",CAN,,,00,"Robin Ritz",,,,,,,,2,,,,,00,,"Robin Ritz",,,,,,,,,,,,,,,50-THEA07,,,,,,,,,,,,00,,,,,,2562367f-2429-e711-815d-e0071b6a50c1,,,,1,20094,,"Robin Ritz"
"The Grand Theatre",,,,,,,,,,"471 Richmond St",,,London,ON,"N6A 3E4",CAN,,"PPA INTL",00,"Joe Menhart",,,,,,,,2,,,,,00,,"Joe Menhart",,,,,,,,,,,,,,,15-GRAN02,,,,,,,,,,,,00,,,,,,b2f9a84c-2429-e711-815d-e0071b6a50c1,,,,1,14704,,"Joe Menhart"
"Tim-Br Mart",,,,,,"(705) 526-5801",,,,"PO Box 39","200 Third St",,Midland,ON,"L4R 4K6",CAN,,"PPA INTL",00,House,,,,,,,,2,,,,,00,,House,,,,,,,,,,,,,,,70-TIMB02,,,,,,,,,,,,00,,,,,,1cf1a84c-2429-e711-815d-e0071b6a50c1,,,,1,13344,,House
"Timcon Construction Ltd",,,,,,"(403) 347-1970",,,,"#100, 7445 45 Ave Close",,,"Red Deer",AB,"T4P 4C2",CAN,,"PPA INTL",00,"House BayNets",,,,,,,,2,,,,,00,,"House BayNets",,,,,,,,,,,,,,,40-TIMC01,,,,,,,,,,,,00,,,,,,3758367f-2429-e711-815d-e0071b6a50c1,,,,1,17427,,"House BayNets"
"T.& M. MFG. INC.",,,,,,,,,,"8 Duncas St E","PO BOX 10",,Princeton,ON,"N0J 1V0",CAN,,"PPA INTL",00,JenGowac,,,,,,,,2,,,,,00,,JenGowac,,,,,,,,,,,,,,,50-T&MM01,,,,,,,,,,,,00,,,,,,77a4b046-2429-e711-815d-e0071b6a50c1,,,,1,14814,,JenGowac
"Tolko Industries Ltd.",,,,,,"(204) 623-7548",,,,"Hwy #10 North","Manitoba Kraft Papers","Box 1590","The Pas",MB,"R9A 1L4",CAN,,"PPD GRD",00,"Brian Hillery",,,,,,,,2,,,,,00,,"Brian Hillery",,,,,,,,,,,,,,,10-TOLK01,,,,,,,,,,,,00,,,,,,6cfca84c-2429-e711-815d-e0071b6a50c1,,,,1,15824,,"Brian Hillery"
"Toronto City Sports Centre",,,,,,,,,,"32 Curity Ave.",,,Toronto,ON,"M4B 0A2",CAN,,"PPA INTL",00,"Charles Crawford",,,,,,,,2,,,,,00,,"Charles Crawford",,,,,,,,,,,,,,,60-TORO01,,,,,,,,,,,,00,,,,,,1f6a367f-2429-e711-815d-e0071b6a50c1,,,,1,19093,,"Charles Crawford"
"Torque Builders Inc.",,,,,,"(905) 761-9841",,,,"72 Corstate Ave.",,,Vaughan,ON,"L4K 4X2",CAN,,"PPD GRD",00,"Charles Crawford",,,,,,,,2,,,,,00,,"Charles Crawford",,,,,,,,,,,,,,,60-TORQ01,,,,,,,,,,,,00,,,,,,216a367f-2429-e711-815d-e0071b6a50c1,,,,1,20245,,"Charles Crawford"
"Township of Georgian Bluffs",,,,,,,,,,"177964 Grey Road 18","R.R. 3",,"Owen Sound",ON,"N4K 5N5",CAN,,"PPA INTL",00,"Jen Gowac",,,,,,,,2,,,,,00,,"Jen Gowac",,,,,,,,,,,,,,,70-TOWN01,,,,,,,,,,,,00,,,,,,f5866dac-2429-e711-815d-e0071b6a50c1,,,,1,16823,,"Jen Gowac"
Trevor//Peter,,,,,,,,,,"488 Wellington St West","Suite 100",,Toronto,ON,"M5V 1E3",CAN,,"PPD GRD",00,"Nikki Spirito",,,,,,,,2,,,,,00,,"Nikki Spirito",,,,,,,,,,,,,,,70-TREV01,,,,,,,,,,,,00,,,,,,52f1a84c-2429-e711-815d-e0071b6a50c1,,,,1,12116,,"Nikki Spirito"
"Trio Pac, Inc.",,,,,,"(514) 733-3862",,,,"386, rue McArthur",,,"Ville Saint-Laurent",QC,"H4T 1X8",CAN,,"PPA INTL",00,"Jerry O'Neill",,,,,,,,2,,,,,00,,"Jerry O'Neill",,,,,,,,,,,,,,,30-TRIO01,,,,,,,,,,,,00,,,,,,ef5a367f-2429-e711-815d-e0071b6a50c1,,,,1,17223,,"Jerry O'Neill"
"Twinlode Canada",,,,,,"(519) 746-3049",,,,"110 Frobisher Dr, Unit 4",,,Waterloo,ON,"N2V 2G7",CAN,,"PPD GRD",00,"Jerry O'Neill",,,,,,,,2,,,,,00,,"Jerry O'Neill",,,,,,,,,,,,,,,30-TWIN03,,,,,,,,,,,,00,,,,,,9551367f-2429-e711-815d-e0071b6a50c1,,,,1,17225,,"Jerry O'Neill"
"Twin Shores Camping Area",,,,,,,,,,"705 Lower Darnley Rd",,,Kensington,PE,"C0B 1M0",CAN,,,00,"Robin Ritz",,,,,,,,2,,,,,00,,"Robin Ritz",,,,,,,,,,,,,,,50-TWIN01,,,,,,,,,,,,00,,,,,,b962367f-2429-e711-815d-e0071b6a50c1,,,,1,17713,,"Robin Ritz"
"University of Saskatchewan",,,,,,,,,,"Facilities Managemant Division","110 Maintenance Road",,Saskatoon,SK,"S7N 5C5",CAN,,"PPA INTL",00,House,,,,,,,,2,,,,,00,,House,,,,,,,,,,,,,,,70-UNIV13,,,,,,,,,,,,00,,,,,,19876dac-2429-e711-815d-e0071b6a50c1,,,,1,19299,,House
"Vancouver Parks",,,,,,"(604) 257-8365",,,,"2099 Beach Ave",,,Vancouver,BC,"V6G 1Z4",CAN,,"PPD GRD",00,"Robin Ritz",,,,,,,,2,,,,,00,,"Robin Ritz",,,,,,,,,,,,,,,50-VANC02,,,,,,,,,,,,00,,,,,,e8701044-0429-e711-8112-e0071b6aa201,,,,1,15316,,"Robin Ritz"
"Viper Athletic Game Courts",,,,,,,,,,"32076 Dormick Ave",,,Abbotsford,BC,"V2T 1J5",CAN,,"PPA INTL",00,"Charles Crawford",,,,,,,,2,,,,,00,,"Charles Crawford",,,,,,,,,,,,,,,60-VIPE01,,,,,,,,,,,,00,,,,,,bd62367f-2429-e711-815d-e0071b6a50c1,,,,1,11928,,"Charles Crawford"
VistaPrint,,,,,,"(519) 727-0046",,,,"447 Advance Blvd",,,Windsor,ON,"N8N 5G8",CAN,,"3RD PTY",00,"Brian Stevenson",,,,,,,,2,,,,,00,,"Brian Stevenson",,,,,,,,,,,,,,,30-VIST03,,,,,,,,,,,,00,,,,,,0ceca84c-2429-e711-815d-e0071b6a50c1,,,,1,14880,,"Brian Stevenson"
"Vortex Aquatic Structures Int'",,,,,,"(514) 335-5413",,,,"328 Avro St",,,"Pointe Claire",QC,"H9R 5W5",CAN,,COLLECT,02,"Robin Ritz",,,,,,,,2,,,,,02,,"Robin Ritz",,,,,,,,,,,,,,,50-VORT02,,,,,,,,,,,,02,,,,,,ef62367f-2429-e711-815d-e0071b6a50c1,,,,1,16488,,"Robin Ritz"
"Waldale Manufacturing Limited",,,,,,,,,,"17 Tantramar Crescent",,,Amherst,NS,"B4H 4J6",CAN,,"3RD PTY",00,"Brian Stevenson",,,,,,,,2,,,,,00,,"Brian Stevenson",,,,,,,,,,,,,,,30-WALD02,,,,,,,,,,,,00,,,,,,295b367f-2429-e711-815d-e0071b6a50c1,,,,1,18474,,"Brian Stevenson"
"Wanted Paysage",,,,,,,,,,"4423 A Rue de Bullion",,,Montreal,QB,"H2W 2G2",CAN,,"PPA INTL",00,"Robin Ritz",,,,,,,,2,,,,,00,,"Robin Ritz",,,,,,,,,,,,,,,15-WANT01,,,,,,,,,,,,00,,,,,,1557367f-2429-e711-815d-e0071b6a50c1,,,,1,19514,,"Robin Ritz"
"Warner Industries",,,,,,,,,,"330-4th Ave E",,,Regina,SK,"S4N 6Y3",CAN,,"PPA INTL",00,"House BayNets",,,,,,,,2,,,,,00,,"House BayNets",,,,,,,,,,,,,,,40-WARN01,,,,,,,,,,,,00,,,,,,74f1a84c-2429-e711-815d-e0071b6a50c1,,,,1,11541,,"House BayNets"
"Warp Tech International",,,,,,"(902) 749-2062",,,,"PO Box 43",,,,NS,"B5A 4B1",CAN,,100000000,,,,,,,,,,3,,,,,30,,,,,,,,,,,,,,,,,WARP01,,,,,,,,,,,,,,,,,,03b1e0aa-2f29-e711-8112-e0071b6aa201,,,,1,10632,,
"Warp Textiles",,,,,,,,,,"239 Water St",,,Yarmouth,NS,"B5A 4P8",CAN,,"PPA INTL",00,"Robin Ritz",,,,,,,,2,,,,,00,,"Robin Ritz",,,,,,,,,,,,,,,50-WARP01,,,,,,,,,,,,00,,,,,,f362367f-2429-e711-815d-e0071b6a50c1,,,,1,17723,,"Robin Ritz"
"Waste Management",,,,,,"(709) 753-3624",,,,"PO Box 21014",,,"St. John's",NL,"A1A 5B2",CAN,,"PPA INTL",00,"House BayNets",,,,,,,,2,,,,,00,,"House BayNets",,,,,,,,,,,,,,,40-WAST06,,,,,,,,,,,,00,,,,,,d75d367f-2429-e711-815d-e0071b6a50c1,,,,1,18686,,"House BayNets"
"Weber's Automart",,,,,,,,,,"709A King Street East",,,Kitchener,ON,"N2G 2M4",CAN,,"UPS PPD GRD",00,"House BayNets",,,,,,,,2,,,,,00,,"House BayNets",,,,,,,,,,,,,,,40-WEBE02,,,,,,,,,,,,00,,,,,,db58367f-2429-e711-815d-e0071b6a50c1,,,,1,17445,,"House BayNets"
"Wecon Systems",,,,,,"(905) 624-0228",,,,"4635 Burgoyne St, Unit 11",,,Mississauga,ON,"L4W 1V9",CAN,,"PPA INTL",02,"Jerry O'Neill",,,,,,,,2,,,,,02,,"Jerry O'Neill",,,,,,,,,,,,,,,30-WECO01,,,,,,,,,,,,02,,,,,,cd51367f-2429-e711-815d-e0071b6a50c1,,,,1,18478,,"Jerry O'Neill"
"Wesbell Group of Companies",,,,,,"(905) 595-7986",,,,"50 Devon Rd.",,,Brampton,ON,"L6T 5B5",CAN,,"PPA INTL",00,"Brian Hillery",,,,,,,,2,,,,,00,,"Brian Hillery",,,,,,,,,,,,,,,10-WESB01,,,,,,,,,,,,00,,,,,,c556367f-2429-e711-815d-e0071b6a50c1,,,,1,18253,,"Brian Hillery"
"Wesley Morrison",,,,,,,,,,"276 Old Percy Rd.",,,Castleton,ON,"K0K 1M0",CAN,,"PPA INTL",00,House,,,,,,,,2,,,,,00,,House,,,,,,,,,,,,,,,70-WESL01,,,,,,,,,,,,00,,,,,,51876dac-2429-e711-815d-e0071b6a50c1,,,,1,16839,,House
"West Block Distributors Inc.",,,,,,"(905) 458-0906",,,,"2084 Steeles Ave E","Unit 13",,Brampton,ON,"L6T 5A6",CAN,,"PPD GRD",00,"Brian Hillery",,,,,,,,2,,,,,00,,"Brian Hillery",,,,,,,,,,,,,,,10-WEST24,,,,,,,,,,,,00,,,,,,c0fda84c-2429-e711-815d-e0071b6a50c1,,,,1,15838,,"Brian Hillery"
"Western Oil Services Ltd.",,,,,,,,,,"19840 57A Avenue",,,Langley,BC,"V3A 6G6",CAN,,"PPD GRD",00,"House BayNets",,,,,,,,2,,,,,00,,"House BayNets",,,,,,,,,,,,,,,40-WEST07,,,,,,,,,,,,00,,,,,,e358367f-2429-e711-815d-e0071b6a50c1,,,,1,17448,,"House BayNets"
"West Side Lube & Truck Rep",,,,,,"(780) 444-5711",,,,"16806 118 Ave NW",,,Edmonton,AB,"T5V 1M8",CAN,,"PPA INTL",00,"House BayNets",,,,,,,,2,,,,,00,,"House BayNets",,,,,,,,,,,,,,,40-WEST05,,,,,,,,,,,,00,,,,,,17a3b046-2429-e711-815d-e0071b6a50c1,,,,1,11545,,"House BayNets"
"Weyerhaeuser Canada",,,,,,"(780) 539-8117",,,,"Postal Bag 1020",,,"Grande Prairie",AB,"T8V 3A9",CAN,,"3RD PTY",00,"Brian Hillery",,,,,,,,2,,,,,00,,"Brian Hillery",,,,,,,,,,,,,,,10-WEYE02,,,,,,,,,,,,00,,,,,,c6fda84c-2429-e711-815d-e0071b6a50c1,,,,1,17025,,"Brian Hillery"
"WFS Ltd",,,,,,"(734) 462-5897",,,,"PO Box 2100",,,Windsor,ON,"N8Y 4R7",CAN,,COLLECT,50,"Joe Menhart",,,,,,,,2,,,,,50,,"Joe Menhart",,,,,,,,,,,,,,,40-WFSL01,,,,,,,,,,,,50,,,,,,19a3b046-2429-e711-815d-e0071b6a50c1,,,,1,13945,,"Joe Menhart"
"Whitewater West",,,,,,"(604) 273-4518",,,,"6700 McMillan West","Attn:  Tim Boothman",,Richmond,BC,"V6W 1J7",CAN,,"3RD PTY",00,"Robin Ritz",,,,,,,,2,,,,,00,,"Robin Ritz",,,,,,,,,,,,,,,50-WHIT02,,,,,,,,,,,,00,,,,,,9749367f-2429-e711-815d-e0071b6a50c1,,,,1,15327,,"Robin Ritz"
"Witron Canada Corporation",,,,,,"(416) 598-1840",,,,"480 University Ave, Ste 1500",,,Toronto,ON,"M5G 1V2",CAN,,"PPA INTL",02,"Brian Stevenson",,,,,,,,2,,,,,02,,"Brian Stevenson",,,,,,,,,,,,,,,30-WITR02,,,,,,,,,,,,02,,,,,,655b367f-2429-e711-815d-e0071b6a50c1,,,,1,11335,,"Brian Stevenson"
